"CWP_Endorsed","CWP_Handbook_Name","Code","Identifier","Latitude_max","Latitude_min","Local_Name","Longitude_max","Longitude_min","Name_En","Name_Es","Name_Fr","Standard_Regional_Code"
"true","Division 21.0A","21.0.A","501","78.16","66.25","Davis Strait, Baffin Island,","-57.63","-82.22","Atlantic, Northwest / 21.0.A","Atl NW / 21.0.A","Atl NW / 21.0.A","0A"
"true","Division 21.0B","21.0.B","502","66.63","60.2","Davis Strait","-57.22","-68.98","Atlantic, Northwest / 21.0.B","Atl NW / 21.0.B","Atl NW / 21.0.B","0B"
"true","Division 21.1A","21.1.A","503","78.16","68.83","Baffin Bay, Melville Bay, Disko Island","-50","-73.5","Atlantic, Northwest / 21.1.A","Atl NW / 21.1.A","Atl NW / 21.1.A","1A"
"true","Division 21.1B","21.1.B","504","68.83","66.25","Davis Strait, Christianshaab, Store Hellefiske Banke","-50.25","-59.74","Atlantic, Northwest / 21.1.B","Atl NW / 21.1.B","Atl NW / 21.1.B","1B"
"true","Division 21.1C","21.1.C","505","66.55","64.25","Davis Strait, Umanarsugssuak, Little Hellefiske Banke","-51.36","-57.79","Atlantic, Northwest / 21.1.C","Atl NW / 21.1.C","Atl NW / 21.1.C","1C"
"true","Division 21.1D","21.1.D","506","65.22","62.5","Frederikshaab Glacier, Godthaab, Fyllas Banke, Fiskenaes Banke, Danas Banke","-49.64","-58.02","Atlantic, Northwest / 21.1.D","Atl NW / 21.1.D","Atl NW / 21.1.D","1D"
"true","Division 21.1E","21.1.E","507","62.5","60.75","Cape Desolation, Frederikshaab Glacier, Danas Banke","-47.68","-57.54","Atlantic, Northwest / 21.1.E","Atl NW / 21.1.E","Atl NW / 21.1.E","1E"
"true","Division 21.1F","21.1.F","508","61.24","52.25","Cape Desolation, Cape Farewell","-42","-57.22","Atlantic, Northwest / 21.1.F","Atl NW / 21.1.F","Atl NW / 21.1.F","1F"
"true","Division 21.2G","21.2.G","509","61","57.66","Cape Mugford","-52.34","-64.77","Atlantic, Northwest / 21.2.G","Atl NW / 21.2.G","Atl NW / 21.2.G","2G"
"true","Division 21.2H","21.2.H","510","57.66","55","Hopedale, Cape Mugford","-47.9","-62.53","Atlantic, Northwest / 21.2.H","Atl NW / 21.2.H","Atl NW / 21.2.H","2H"
"true","Division 21.2J","21.2.J","511","55.33","52.25","Hopedale, Hamilton Bank","-42","-60.41","Atlantic, Northwest / 21.2.J","Atl NW / 21.2.J","Atl NW / 21.2.J","2J"
"true","Division 21.3K","21.3.K","512","52.25","49.04","Cape Freels, Cape Bauld","-42","-56.87","Atlantic, Northwest / 21.3.K","Atl NW / 21.3.K","Atl NW / 21.3.K","3K"
"true","Division 21.3L","21.3.L","513","49.25","46","Cape Freels, Cape St. Mary's, Grand Bank, Avalon Peninsula, St. John's","-46.5","-54.5","Atlantic, Northwest / 21.3.L","Atl NW / 21.3.L","Atl NW / 21.3.L","3L"
"true","Division 21.3M","21.3.M","514","49.25","39","Flemish Cap","-42","-46.5","Atlantic, Northwest / 21.3.M","Atl NW / 21.3.M","Atl NW / 21.3.M","3M"
"true","Division 21.3N","21.3.N","515","46","39","Grand Bank","-46.5","-51","Atlantic, Northwest / 21.3.N","Atl NW / 21.3.N","Atl NW / 21.3.N","3N"
"true","Division 21.3O","21.3.O","516","46","39.9","Grand Bank","-51","-54.5","Atlantic, Northwest / 21.3.O","Atl NW / 21.3.O","Atl NW / 21.3.O","3O"
"true","Division 21.3P","21.3.P","517","","","Cape St Mary's, St.Pierre and Miquelon Islands, Burin Peninsula","","","Atlantic, Northwest / 21.3.P","Atl NW / 21.3.P","Atl NW / 21.3.P","3P"
"true","Division 21.4R","21.4.R","518","52.25","47.5","Gulf of Saint Lawrence, Cape Bauld , Strait of Belle Isle, Cape Ray","-55.4","-60","Atlantic, Northwest / 21.4.R","Atl NW / 21.4.R","Atl NW / 21.4.R","4R"
"true","Division 21.4S","21.4.S","519","51.51","47.83","Gulf of Saint Lawrence, Labrador-Quebec boundary, P.te des Monts, Anticosti Island","-57.09","-67.3","Atlantic, Northwest / 21.4.S","Atl NW / 21.4.S","Atl NW / 21.4.S","4S"
"true","Division 21.4T","21.4.T","520","49.41","45.54","Gulf of Saint Lawrence, Magdalen Islands","-60","-71.21","Atlantic, Northwest / 21.4.T","Atl NW / 21.4.T","Atl NW / 21.4.T","4T"
"true","Division 21.4V","21.4.V","521","","","Cape North, Fourchu, Eastern Scotland Shelf","","","Atlantic, Northwest / 21.4.V","Atl NW / 21.4.V","Atl NW / 21.4.V","4V"
"true","Division 21.4W","21.4.W","522","45.77","39","Canso, Central Scotian Shelf, Sable Island, Halifax, Nova Scotia Eastern Shore","-59","-63.66","Atlantic, Northwest / 21.4.W","Atl NW / 21.4.W","Atl NW / 21.4.W","4W"
"true","Division 21.4X","21.4.X","523","45.97","39","Western Scotian Shelf, Bay of Fundy, St. Margaret's Bay, Yarmouth, Digby, Grand Manan","-63.33","-67.73","Atlantic, Northwest / 21.4.X","Atl NW / 21.4.X","Atl NW / 21.4.X","4X"
"true","Division 21.5Y","21.5.Y","524","44.81","41.7","Gulf of Maine, Bar Harbor","-66.9","-71","Atlantic, Northwest / 21.5.Y","Atl NW / 21.5.Y","Atl NW / 21.5.Y","5Y"
"true","Division 21.5Z","21.5.Z","525","","","Georges Bank","","","Atlantic, Northwest / 21.5.Z","Atl NW / 21.5.Z","Atl NW / 21.5.Z","5Z"
"true","Division 21.6A","21.6.A","526","44.99","39","Rhode Island Division 21.6A","-71.66","-74.98","Atlantic, Northwest / 21.6.A","Atl NW / 21.6.A","Atl NW / 21.6.A","6A"
"true","Division 21.6B","21.6.B","527","44.99","37","Cape Henry","-70","-77.33","Atlantic, Northwest / 21.6.B","Atl NW / 21.6.B","Atl NW / 21.6.B","6B"
"true","Division 21.6C","21.6.C","528","37.27","34.95","Cape Hatteras","-70","-76.99","Atlantic, Northwest / 21.6.C","Atl NW / 21.6.C","Atl NW / 21.6.C","6C"
"true","Division 21.6D","21.6.D","529","39","35","Rhode Island Division 21.6D","-65","-70","Atlantic, Northwest / 21.6.D","Atl NW / 21.6.D","Atl NW / 21.6.D","6D"
"true","Division 21.6E","21.6.E","530","39","35","Rhode Island Division 21.6E","-60","-65","Atlantic, Northwest / 21.6.E","Atl NW / 21.6.E","Atl NW / 21.6.E","6E"
"true","Division 21.6F","21.6.F","531","39","35","Rhode Island Division 21.6F","-55","-60","Atlantic, Northwest / 21.6.F","Atl NW / 21.6.F","Atl NW / 21.6.F","6F"
"true","Division 21.6G","21.6.G","532","39","35","Rhode Island Division 21.6G","-50","-55","Atlantic, Northwest / 21.6.G","Atl NW / 21.6.G","Atl NW / 21.6.G","6G"
"true","Division 21.6H","21.6.H","533","39","35","Rhode Island Division 21.6H","-42","-50","Atlantic, Northwest / 21.6.H","Atl NW / 21.6.H","Atl NW / 21.6.H","6H"
"true","Northeast Greenland (Division 27.14.a)","27.14.a","534","90","68","","-11","-40","Northeast Greenland (Division 27.14.a)","Groenlandia nordoriental (División 27.14.a)","Groenland nord-est (Division 27.14.a)","27.14.a"
"true","Southeast Greenland (Division 27.14.b)","27.14.b","535","68.64","59","","-27","-44","Southeast Greenland (Division 27.14.b)","Groenlandia sudoriental (División 27.14.b)","Groenland sud-est (Division 27.14.b)","27.14.b"
"true","Norwegian Sea (Division 27.2.a)","27.2.a","536","73.5","62","","30","-11","Norwegian Sea (Division 27.2.a)","Mar de Noruega (División 27.2.a)","Mer de Norvège (Division 27.2.a)","27.2.a"
"true","Spitzbergen and Bear Island (Division 27.2.b)","27.2.b","537","90","73.5","","30","-11","Spitzbergen and Bear Island (Division 27.2.b)","Spitzbergen e Islas Osos (División 27.2.b)","Spitzberg et île aux Ours (Division 27.2.b)","27.2.b"
"true","Skagerrak and Kattegat (Division 27.3.a)","27.3.a","538","59.56","55.65","","12.94","7","Skagerrak and Kattegat (Division 27.3.a)","Skagerrak, Kattegat (División 27.3.a)","Skagerrak et Cattégat (Division 27.3.a)","27.3.a"
"true","Sound and Belt Sea or the Transition Area (Divisions 27.3.b,c)","27.3.b,c","539","","","","","","Sound and Belt Sea or the Transition Area (Divisions 27.3.b,c)","Sundy y Mar de Belt o Zona de Transición (División 27.3.b,c)","Øresund et Mer des Belts, ou Zone de Transition (Division 27.3.b,c)","27.3.b,c"
"true","Baltic Sea (Division 27.3.d)","27.3.d","541","","","","","","Baltic Sea (Division 27.3.d)","Mar Báltico (División 27.3.d)","Mer Baltique (Division 27.3.d)","27.3.d"
"true","Northern North Sea (Division 27.4.a)","27.4.a","542","62","55.9","","7.7","-4.5","Northern North Sea (Division 27.4.a)","Mar del Norte septentrional (División 27.4.a)","Mer du Nord septentrionale (Division 27.4.a)","27.4.a"
"true","Central North Sea (Division 27.4.b)","27.4.b","543","57.5","53.4","","9.83","-3.84","Central North Sea (Division 27.4.b)","Mar del Norte central (División 27.4.b)","Mer du Nord centrale (Division 27.4.b)","27.4.b"
"true","Southern North Sea (Division 27.4.c)","27.4.c","544","53.5","51","","7.42","0","Southern North Sea (Division 27.4.c)","Mar del Norte meridional (División 27.4.c)","Mer du Nord méridionale (Division 27.4.c)","27.4.c"
"true","Iceland Grounds (Division 27.5.a)","27.5.a","545","68","62","","-11","-27","Iceland Grounds (Division 27.5.a)","Fondos de Islandia (División 27.5.a)","Fonds de l'Islande (Division 27.5.a)","27.5.a"
"true","Faroes Grounds (Division 27.5.b)","27.5.b","546","","","","","","Faroes Grounds (Division 27.5.b)","Fondos de las Feroe (División 27.5.b)","Fonds des Féroé (Division 27.5.b)","27.5.b"
"true","Northwest Coast of Scotland and North Ireland or as the West of Scotland (Division 27.6.a)","27.6.a","547","60.5","54.48","","-4","-12","Northwest Coast of Scotland and North Ireland or as the West of Scotland (Division 27.6.a)","Costa nord-occidental de Escocia e Irlanda del Norte o el Oeste de Escocia (División 27.6.a)","Côte Nord-Ouest de l'Ecosse et Irlande du Nord ou comme Ouest de l'Ecosse (Division 27.6.a)","27.6.a"
"true","Rockall (Division 27.6.b)","27.6.b","548","60","54.5","","-12","-18","Rockall (Division 27.6.b)","Rockall (División 27.6.b)","Rockall (Division 27.6.b)","27.6.b"
"true","Irish Sea (Division 27.7.a)","27.7.a","549","55","52","","-2.79","-7.58","Irish Sea (Division 27.7.a)","Mar de Irlanda (División 27.7.a)","Mer d'Irlande (Division 27.7.a)","27.7.a"
"true","West of Ireland (Division 27.7.b)","27.7.b","550","54.5","52.5","","-8.24","-12","West of Ireland (Division 27.7.b)","Oeste de Irlanda (División 27.7.b)","Ouest de l'Irlande (Division 27.7.b)","27.7.b"
"true","Porcupine Bank (Division 27.7.c)","27.7.c","551","54.5","52.5","","-12","-18","Porcupine Bank (Division 27.7.c)","Porcupine Bank (División 27.7.c)","Banc de Porcupine (Division 27.7.c)","27.7.c"
"true","Eastern English Channel (Division 27.7.d)","27.7.d","552","51","49.32","","2.01","-2","Eastern English Channel (Division 27.7.d)","Canal de la Mancha oriental (División 27.7.d)","Manche orientale (Division 27.7.d)","27.7.d"
"true","Western English Channel (Division 27.7.e)","27.7.e","553","50.7","48","","-1.35","-7","Western English Channel (Division 27.7.e)","Canal de la Mancha occidental (División 27.7.e)","Manche occidentale (Division 27.7.e)","27.7.e"
"true","Bristol Channel (Division 27.7.f)","27.7.f","554","51.8","50","","-2.34","-7","Bristol Channel (Division 27.7.f)","Canal de Bristol (División 27.7.f)","Canal de Bristol (Division 27.7.f)","27.7.f"
"true","Celtic Sea North (Division 27.7.g)","27.7.g","555","52","50","","-4.99","-9","Celtic Sea North (Division 27.7.g)","Mar Céltico norte (División 27.7.g)","Mer Celtique du nord (Division 27.7.g)","27.7.g"
"true","Celtic Sea South (Division 27.7.h)","27.7.h","556","50","48","","-5","-9","Celtic Sea South (Division 27.7.h)","Mar Céltico sur (División 27.7.h)","Mer Celtique du sud (Division 27.7.h)","27.7.h"
"true","Southwest of Ireland - East (Division 27.7.j)","27.7.j","557","52.5","48","","-9","-12","Southwest of Ireland - East (Division 27.7.j)","Sudoeste de Irlanda - Este (División 27.7.j)","Sud-ouest de l'Irlande - Est (Division 27.7.j)","27.7.j"
"true","Southwest of Ireland - West (Division 27.7.k)","27.7.k","558","52.5","48","","-12","-18","Southwest of Ireland - West (Division 27.7.k)","Sudoeste de Irlanda - Oeste (División 27.7.k)","Sud-ouest de l'Irlande - Ouest (Division 27.7.k)","27.7.k"
"true","Bay of Biscay - North (Division 27.8.a)","27.8.a","559","48","46","","-1.1","-8","Bay of Biscay - North (Division 27.8.a)","Golfo de Vizcaya - norte (División 27.8.a)","Golfe de Gascogne - Nord (Division 27.8.a)","27.8.a"
"true","Bay of Biscay - Central (Division 27.8.b)","27.8.b","560","46","43.31","","-0.5","-4","Bay of Biscay - Central (Division 27.8.b)","Golfo de Vizcaya - centro (División 27.8.b)","Golfe de Gascogne - Central (Division 27.8.b)","27.8.b"
"true","Bay of Biscay - South (Division 27.8.c)","27.8.c","561","44.5","43","","-2","-11","Bay of Biscay - South (Division 27.8.c)","Golfo de Vizcaya - sur (División 27.8.c)","Golfe de Gascogne - Sud (Division 27.8.c)","27.8.c"
"true","Bay of Biscay - Offshore (Division 27.8.d)","27.8.d","562","48","44.5","","-3","-11","Bay of Biscay - Offshore (Division 27.8.d)","Golfo de Vizcaya - alta mar (División 27.8.d)","Golfe de Gascogne - Large (Division 27.8.d)","27.8.d"
"true","West of Bay of Biscay (Division 27.8.e)","27.8.e","563","48","43","","-11","-18","West of Bay of Biscay (Division 27.8.e)","Oeste del Golfo de Vizcaya (División 27.8.e)","Ouest du golfe de Gascogne (Division 27.8.e)","27.8.e"
"true","Portuguese Waters - East (Division 27.9.a)","27.9.a","564","43","36","","-5.61","-11","Portuguese Waters - East (Division 27.9.a)","Aguas Portuguesas - este (División 27.9.a)","Eaux portugaises - Est (Division 27.9.a)","27.9.a"
"true","Portuguese Waters - West (Division 27.9.b)","27.9.b","565","43","36","","-11","-18","Portuguese Waters - West (Division 27.9.b)","Aguas Portuguesas - oeste (División 27.9.b)","Eaux portugaises - Ouest (Division 27.9.b)","27.9.b"
"false","","31.10.1","566","15","10.48","","-68","-71.95","Atlantic, West central / 31.10.1","Atl WC / 31.10.1","Atl WC / 31.10.1",""
"false","","31.10.2","567","11","9.03","","-71.06","-72.01","Atlantic, West central / 31.10.2","Atl WC / 31.10.2","Atl WC / 31.10.2",""
"false","","31.10.3","568","15","10.07","","-62","-68","Atlantic, West central / 31.10.3","Atl WC / 31.10.3","Atl WC / 31.10.3",""
"false","","31.10.4","569","15","8.24","","-59.5","-62.88","Atlantic, West central / 31.10.4","Atl WC / 31.10.4","Atl WC / 31.10.4",""
"false","","31.2.1","570","29.78","25.95","","-94","-97.74","Atlantic, West central / 31.2.1","Atl WC / 31.2.1","Atl WC / 31.2.1",""
"false","","31.2.2","571","29.99","28","","-89","-94","Atlantic, West central / 31.2.2","Atl WC / 31.2.2","Atl WC / 31.2.2",""
"false","","31.2.3","572","30.68","28","","-86.81","-90.43","Atlantic, West central / 31.2.3","Atl WC / 31.2.3","Atl WC / 31.2.3",""
"false","","31.2.4","573","30.49","28","","-82.76","-87","Atlantic, West central / 31.2.4","Atl WC / 31.2.4","Atl WC / 31.2.4",""
"false","","31.2.5","574","28","24","","-85","-94","Atlantic, West central / 31.2.5","Atl WC / 31.2.5","Atl WC / 31.2.5",""
"false","","31.2.6","575","28","24","","-80","-85","Atlantic, West central / 31.2.6","Atl WC / 31.2.6","Atl WC / 31.2.6",""
"false","","31.3.1","576","26","18.1","","-94","-97.8","Atlantic, West central / 31.3.1","Atl WC / 31.3.1","Atl WC / 31.3.1",""
"false","","31.3.2","577","24","18.25","","-88","-94","Atlantic, West central / 31.3.2","Atl WC / 31.3.2","Atl WC / 31.3.2",""
"false","","31.3.3","578","24","20","","-86","-88","Atlantic, West central / 31.3.3","Atl WC / 31.3.3","Atl WC / 31.3.3",""
"false","","31.4.1","579","21.75","20","","-77.07","-80","Atlantic, West central / 31.4.1","Atl WC / 31.4.1","Atl WC / 31.4.1",""
"false","","31.4.2","580","28","15","","-55","-86","Atlantic, West central / 31.4.2","Atl WC / 31.4.2","Atl WC / 31.4.2",""
"false","","31.7.1","581","20","15.72","","-85.9","-88.91","Atlantic, West central / 31.7.1","Atl WC / 31.7.1","Atl WC / 31.7.1",""
"false","","31.7.2","582","20","15","","-80","-86","Atlantic, West central / 31.7.2","Atl WC / 31.7.2","Atl WC / 31.7.2",""
"false","","31.7.3","583","15","10.91","","-80","-83.77","Atlantic, West central / 31.7.3","Atl WC / 31.7.3","Atl WC / 31.7.3",""
"false","","31.8.1","584","10.92","8.83","","-80","-83.67","Atlantic, West central / 31.8.1","Atl WC / 31.8.1","Atl WC / 31.8.1",""
"false","","31.8.2","585","15","8.61","","-77.3","-80","Atlantic, West central / 31.8.2","Atl WC / 31.8.2","Atl WC / 31.8.2",""
"true","Morocco Coastal (Division 34.1.1)","34.1.1","586","","","","","","Morocco coastal","Costera de Marruecos","Côtière du Maroc","34.1.1"
"true","Canaries/Madeira Insular (Division 34.1.2)","34.1.2","587","36","26","","-13","-20","Canaries/Madeira insular","Insular de Canarias/Madera","Insulaire des Canaries/Madère","34.1.2"
"true","Sahara Coastal (Division 34.1.3)","34.1.3","588","","","","","","Sahara coastal","Costera del Sahara","Côtière du Sahara","34.1.3"
"true","Cape Verde Coastal (Division 34.3.1)","34.3.1","589","","","","","","Cape Verde coastal","Costera de Cabo Verde","Côtière du Cap-Vert","34.3.1"
"true","Cape Verde Insular (Division 34.3.2)","34.3.2","590","20","10","","-20","-30","Cape Verde insular","Insular de Cabo Verde","Insulaire du Cap-Vert","34.3.2"
"true","Sherbro (Division 34.3.3)","34.3.3","591","9","0","","-8","-20","Sherbro","Sherbro","Sherbro","34.3.3"
"true","Western Gulf of Guinea (Division 34.3.4)","34.3.4","592","6.39","0","","3","-8","Western Gulf of Guinea","Golfo de Guinea occidental","Golfe de Guinée, ouest","34.3.4"
"true","Central Gulf of Guinea (Division 34.3.5)","34.3.5","593","6.62","0","","9.98","3","Central Gulf of Guinea","Golfo de Guinea central","Golfe de Guinée, centre","34.3.5"
"true","Southern Gulf of Guinea (Division 34.3.6)","34.3.6","594","0","-6.13","","12.57","3","Southern Gulf of Guinea","Golfo de Guinea meridional","Golfe de Guinée, sud","34.3.6"
"true","Southwest Gulf of Guinea (Division 34.4.1)","34.4.1","595","0","-6","","3","-20","Southwest Gulf of Guinea","Golfo de Guinea sudoccidental","Golfe de Guinée, sud-ouest","34.4.1"
"true","Southwest Oceanic (Division 34.4.2)","34.4.2","596","20","0","","-20","-40","Southwest oceanic","Oceánica sudoccidental","Océanique, sud-ouest","34.4.2"
"true","Balearic (Division 37.1.1)","37.1.1","597","42.42","35.07","","8.59","-5.61","Balearic","Baleares","Baléares","37.1.1"
"true","Gulf of Lions (Division 37.1.2)","37.1.2","598","43.77","41.33","","8","3","Gulf of Lion","Golfo de León","Golfe du Lion","37.1.2"
"true","Sardinia (Division 37.1.3)","37.1.3","599","44.38","36.81","","16.12","7.52","Sardinia","Cerdeña","Sardaigne","37.1.3"
"true","Adriatic (Division 37.2.1)","37.2.1","600","45.79","41.84","","19.48","12.14","Adriatic","Adriático","Adriatique","37.2.1"
"true","Ionian (Division 37.2.2)","37.2.2","601","41.84","30.27","","25","10.05","Ionian","Jónio","Ionienne","37.2.2"
"true","Aegean (Division 37.3.1)","37.3.1","602","41","34","","29","22.52","Aegean","Egeo","Égée","37.3.1"
"true","Levant (Division 37.3.2)","37.3.2","603","36.91","30.83","","36.2","25","Levant","Levante","Levant","37.3.2"
"true","Marmara Sea (Division 37.4.1)","37.4.1","604","41.02","40","","29.93","26.18","Marmara Sea","Mar de Mármara","Mer de Marmara","37.4.1"
"true","Black Sea (Division 37.4.2)","37.4.2","605","46.88","40.96","","41.75","27.3","Black Sea","Mar Negro","Mer Noire","37.4.2"
"true","Azov Sea (Division 37.4.3)","37.4.3","606","47.27","45.09","","39.3","34.5","Azov Sea","Mar de Azov","Mer d'Azov","37.4.3"
"true","Amazon (Division 41.1.1)","41.1.1","607","5","-3.35","","-40","-52.44","Atlantic, Southwest / 41.1.1","Atl SW / 41.1.1","Atl SW / 41.1.1","41.1.1"
"true","Natal (Division 41.1.2)","41.1.2","608","0","-10","","-32","-40","Atlantic, Southwest / 41.1.2","Atl SW / 41.1.2","Atl SW / 41.1.2","41.1.2"
"true","Salvador (Division 41.1.3)","41.1.3","609","-10","-20","","-35","-40.14","Atlantic, Southwest / 41.1.3","Atl SW / 41.1.3","Atl SW / 41.1.3","41.1.3"
"true","Nothern Oceanic (Division 41.1.4)","41.1.4","610","5","-20","Southwest Atlantic Northern Oceanic Division 41.1.4","-20","-40","Atlantic, Southwest / 41.1.4","Atl SW / 41.1.4","Atl SW / 41.1.4","41.1.4"
"true","Santos (Division 41.2.1)","41.2.1","611","-20","-29","","-39","-49.42","Atlantic, Southwest / 41.2.1","Atl SW / 41.2.1","Atl SW / 41.2.1","41.2.1"
"true","Rio Grande (Division 41.2.2)","41.2.2","612","-29","-34","","-45","-53.53","Atlantic, Southwest / 41.2.2","Atl SW / 41.2.2","Atl SW / 41.2.2","41.2.2"
"true","Platense (Division 41.2.3)","41.2.3","613","-33.07","-40","","-50","-62.33","Atlantic, Southwest / 41.2.3","Atl SW / 41.2.3","Atl SW / 41.2.3","41.2.3"
"true","Central Oceanic (Division 41.2.4)","41.2.4","614","-20","-40","Southwest Atlantic Central Oceanic Division 41.2.4","-20","-50","Atlantic, Southwest / 41.2.4","Atl SW / 41.2.4","Atl SW / 41.2.4","41.2.4"
"true","Northern Patagonian (Division 41.3.1)","41.3.1","615","-40","-48","","-50","-67.59","Atlantic, Southwest / 41.3.1","Atl SW / 41.3.1","Atl SW / 41.3.1","41.3.1"
"true","Southern Patagonian (Division 41.3.2)","41.3.2","616","-48","-60","","-50","-69.63","Atlantic, Southwest / 41.3.2","Atl SW / 41.3.2","Atl SW / 41.3.2","41.3.2"
"true","Southern Oceanic (Division 41.3.3)","41.3.3","617","-40","-50","","-20","-50","Atlantic, Southwest / 41.3.3","Atl SW / 41.3.3","Atl SW / 41.3.3","41.3.3"
"true","Cape Palmeirinhas (Division 47.1.1)","47.1.1","618","-6","-10","","13.41","10","Cape Palmeirinhas","Cabo Palmeirinhas","Cap Palmeirinhas","47.1.1"
"true","Cape Salinas (Division 47.1.2)","47.1.2","619","-10","-15","","13.85","10","Cape Salinas","Cabo Salinas","Cap Salinas","47.1.2"
"true","Cunene (Division 47.1.3)","47.1.3","620","-15","-20","","13.03","10","Cunene","Cunene","Cunène","47.1.3"
"true","Cape Cross (Division 47.1.4)","47.1.4","621","-20","-25","","14.83","10","Cape Cross","Cabo Cross","Cap Cross","47.1.4"
"true","Orange River (Division 47.1.5)","47.1.5","622","-25","-30","","17.16","10","Orange River","Río Orange","Fleuve Orange","47.1.5"
"true","Cape of Good Hope (Division 47.1.6)","47.1.6","623","-30","-40","","20","10","Cape of Good Hope","Cabo de Buena Esperanza","Cap de Bonne-Espérance","47.1.6"
"true","Middle Agulhas (Division 47.2.1)","47.2.1","624","-33.97","-40","","25","20","Middle Agulhas","Agulhas central","Aiguilles, centre","47.2.1"
"true","Eastern Agulhas (Division 47.2.2)","47.2.2","625","-31.3","-40","","30","25","Eastern Agulhas","Agulhas oriental","Aiguilles, est","47.2.2"
"false","","51.4.1","626","","","","","","Indian Ocean, West / 51.4.1","Ind W / 51.4.1","Ind W / 51.4.1",""
"false","","51.4.2","627","","","","","","Indian Ocean, West / 51.4.2","Ind W / 51.4.2","Ind W / 51.4.2",""
"true","Northwest Australia (Division 57.5.1)","57.5.1","628","-11.5","-23.5","","129","110","Indian Ocean, East / 57.5.1","Ind E / 57.5.1","Ind E / 57.5.1","57.5.1"
"true","Southwest Australia (Division 57.5.2)","57.5.2","629","-23.5","-40","","129","110","Indian Ocean, East / 57.5.2","Ind E / 57.5.2","Ind E / 57.5.2","57.5.2"
"true","Wilkes Land (Division 58.4.1)","58.4.1","630","-55","-68.42","","150","80","Indian Antarctic 58.4.1","Ind Antar 58.4.1","Ind Antar 58.4.1","58.4.1"
"true","Prydz Bay (Division 58.4.2)","58.4.2","631","-62","-70.01","","80","30","Indian Antarctic 58.4.2","Ind Antar 58.4.2","Ind Antar 58.4.2","58.4.2"
"true","BANZARE Bank (Division 58.4.3)","58.4.3","632","-55","-62","","80","60","Indian Antarctic 58.4.3","Ind Antar 58.4.3","Ind Antar 58.4.3","58.4.3"
"true","Ob and Lena Banks (Division 58.4.4)","58.4.4","633","","","","","","Indian Antarctic 58.4.4","Ind Antar 58.4.4","Ind Antar 58.4.4","58.4.4"
"true","Kerguelen (Division 58.5.1)","58.5.1","634","-45","-53.23","","80","60","Indian Antarctic 58.5.1","Ind Antar 58.5.1","Ind Antar 58.5.1","58.5.1"
"true","McDonald and Heard (Division 58.5.2)","58.5.2","635","-49.4","-55","","80","60","Indian Antarctic 58.5.2","Ind Antar 58.5.2","Ind Antar 58.5.2","58.5.2"
"false","","71.6.1","636","20","5","","160","130","Pacific, West central / 71.6.1","Pac WC / 71.6.1","Pac WC / 71.6.1",""
"false","","71.6.2","637","20","5","","180","-180","Pacific, West central / 71.6.2","Pac WC / 71.6.2","Pac WC / 71.6.2",""
"false","","81.1.1","638","-28.15","-45","","155","149.89","Pacific, Southwest / 81.1.1","Pac SW / 81.1.1","Pac SW / 81.1.1",""
"false","","81.1.2","639","-25","-45","","165","155","Pacific, Southwest / 81.1.2","Pac SW / 81.1.2","Pac SW / 81.1.2",""
"true","Barents Sea - NEAFC Regulatory Area (Division 27.1.a)","27.1.a","642","","","","","","Barents Sea - NEAFC Regulatory Area (Division 27.1.a)","Mar de Barents - CPANE (División 27.1.a)","Mer de Barents - CPANE (Division 27.1.a)","27.1.a"
"true","Barents Sea Non-NEAFC Regulatory Area (Division 27.1.b)","27.1.b","643","","","","","","Barents Sea Non-NEAFC Regulatory Area (Division 27.1.b)","Mar de Barents - Non-CPANE (División  27.1.b)","Mer de Barents - non-CPANE (Division  27.1.b)","27.1.b"
"true","Azores Grounds (Division 27.10.a)","27.10.a","668","","","","","","Azores Grounds (Division 27.10.a)","Fondos de las Azores (División  27.10.a)","Fonds des Açores (Division 27.10.a)","27.10.a"
"true","Northeast Atlantic South (Division 27.10.b)","27.10.b","671","","","","","","Northeast Atlantic South (Division 27.10.b)","Fondos de las Azores (División 27.10.b)","Fonds des Açores (Division 27.10.b)","27.10.b"
"true","Southern mid-Atlantic Ridge (Division 27.12.a)","27.12.a","672","","","","","","Southern mid-Atlantic Ridge (Division 27.12.a)","Norte de las Azores (División 27.12.a)","Nord des Açores (Division 27.12.a)","27.12.a"
"true","Western Hatton Bank (Division 27.12.b)","27.12.b","677","","","","","","Western Hatton Bank (Division 27.12.b)","Norte de las Azores (División 27.12.b)","Nord des Açores (Division 27.12.b)","27.12.b"
"true","Central Northeast Atlantic - South (Division 27.12.c)","27.12.c","678","","","","","","Central Northeast Atlantic - South (Division 27.12.c)","Norte de las Azores (División 27.12.c)","Nord des Açores (Division 27.12.c)","27.12.c"
"false","","31.7.4","733","","","","","","Atlantic, West central / 31.7.4","Atl WC / 31.7.4","Atl WC / 31.7.4",""
"true","Northern Coastal (Division 87.1.1)","87.1.1","743","","","Southeast Pacific Northern Coastal Division 87.1.1","","","Pacific, Southeast / 87.1.1","Pacific, Southeast / 87.1.1","Pacific, Southeast / 87.1.1","87.1.1"
"true","Northern Intermediate (Division 87.1.2)","87.1.2","749","","","Southeast Pacific Northern Intermediate Division 87.1.2","","","Pacific, Southeast / 87.1.2","Pacific, Southeast / 87.1.2","Pacific, Southeast / 87.1.2","87.1.2"
"true","Galapagos (Division 87.1.3)","87.1.3","755","3.08","-2.83","","-87.79","-93.45","Pacific, Southeast / 87.1.3","Pacific, Southeast / 87.1.3","Pacific, Southeast / 87.1.3","87.1.3"
"true","Northern Oceanic (Division 87.1.4)","87.1.4","756","5","-18.33","Southeast Pacific Northern Oceanic Division 87.1.4","-75.84","-120","Pacific, Southeast / 87.1.4","Pacific, Southeast / 87.1.4","Pacific, Southeast / 87.1.4","87.1.4"
"true","San Felix (Division 87.2.3)","87.2.3","775","-24.84","-27.8","","-78.29","-81.65","87.2.3","87.2.3","87.2.3","87.2.3"
"true","Juan Fernandez (Division 87.2.4)","87.2.4","776","-32.15","-35.23","","-77.12","-82.42","87.2.4","87.2.4","87.2.4","87.2.4"
"true","Pascua (Division 87.2.5)","87.2.5","777","-25.71","-28.53","","-107.67","-111.03","87.2.5","87.2.5","87.2.5","87.2.5"
"true","Central Oceanic (Division 87.2.6)","87.2.6","778","-18.33","-39.33","Southeast Pacific Central Oceanic Division 87.2.6","-73.15","-120","87.2.6","87.2.6","87.2.6","87.2.6"
"true","Southern Oceanic (Division 87.3.3)","87.3.3","785","-39.33","-60","Southeast Pacific Southern Oceanic Division 87.3.3","-67.26","-120","87.33","87.33","87.33","87.3.3"
"true","Central Coastal (Division 87.2.1)","87.2.1","786","","","Southeast Pacific Central Coastal Division 87.2.1","","","Pacific, Southeast / 87.2.1","Pacific, Southeast / 87.2.1","Pacific, Southeast / 87.2.1","87.2.1"
"true","Central Intermediate (Division 87.2.2)","87.2.2","787","","","Southeast Pacific Central Intermediate Division 87.2.2","","","Pacific, Southeast / 87.2.2","Pacific, Southeast / 87.2.2","Pacific, Southeast / 87.2.2","87.2.2"
"true","Southern Coastal (Division 87.3.1)","87.3.1","788","","","Southeast Pacific Southern Coastal Division 87.3.1","","","Pacific, Southeast / 87.3.1","Pacific, Southeast / 87.3.1","Pacific, Southeast / 87.3.1","87.3.1"
"true","Southern Intermediate (Division 87.3.2)","87.3.2","789","","","Southeast Pacific Southern Intermediate Division 87.3.2","","","Pacific, Southeast / 87.3.2","Pacific, Southeast / 87.3.2","Pacific, Southeast / 87.3.2","87.3.2"
"false","","34.0.0","791","","","","","","Tunas (CECAF area)","Atunes (área CPACO)","Thons (zone COPACE)","34.0.0"
"false","","34.1.9","792","","","","","","Northern coastal, not known","Costera norte, desconocida","Côtière nord, inconnue","34.1.9"
"false","","34.2.0","793","","","","","","Northern oceanic","Oceánica norte","Océanique nord","34.2.0"
"false","","34.9.0","794","","","","","","Not known (CECAF area)","Desconocida (área CPACO)","Inconnue (zone COPACE)","34.9.0"
"false","","37.0.0","795","","","","","","Tunas (GFCM area)","Atunes (área CGPM)","Thons (zone CGPM)","37.0.0"
"false","","37.9.0","796","","","","","","Not known (GFCM area)","Desconocida (área CGPM)","Inconnue (zone CGPM)","37.9.0"
"false","","47.0.0","810","","","","","","Tunas (Atl.SE area)","Atunes (área Atl.sudor.)","Thons (zone Atl.S-E)","47.0.0"
"false","","47.1.9","811","","","","","","Western coastal, not known","Costera occidental, desconocida","Côtière occidentale, inconnue","47.1.9"
"false","","47.2.9","812","","","","","","Agulhas coastal, not known","Costera de Agulhas, desconocida","Côtière des Aiguilles, inconnue","47.2.9"
"false","","47.3.0","813","","","","","","Southern oceanic","Oceánica sur","Océanique sud","47.3.0"
"false","","47.4.0","814","","","","","","Tristan da Cunha","Tristan da Cunha","Tristan da Cunha","47.4.0"
"false","","47.5.0","815","","","","","","St Helena and Ascension","Sta Elena y Ascensión","Ste Hélène et Ascension","47.5.0"
"false","","47.9.0","816","","","","","","Not known (Atl.SE area)","Desconocida (área Atl.sudor.)","Inconnue (zone Atl.S-E)","47.9.0"
"false","","51.2.0","817","","","","","","Gulf","Golfo","Golfe","51.2.0"
"false","","51.3.1","818","","","","","","Oman Sea","Mar de Omán","Mer d'Oman","51.3.1"
"true","","47.A.0","819","","","","","","SEAFO division A.0","División SEAFO A.0","Division SEAFO A.0","47.A.0"
"true","","47.A.1","820","","","","","","SEAFO division A.1","División SEAFO A.1","Division SEAFO A.1","47.A.1"
"true","","47.B.0","821","","","","","","SEAFO division B.0","División SEAFO B.0","Division SEAFO B.0","47.B.0"
"true","","47.B.1","822","","","","","","SEAFO division B.1","División SEAFO B.1","Division SEAFO B.1","47.B.1"
"true","","47.C.0","823","","","","","","SEAFO division C.0","División SEAFO C.0","Division SEAFO C.0","47.C.0"
"true","","47.C.1","824","","","","","","SEAFO division C.1","División SEAFO C.1","Division SEAFO C.1","47.C.1"
"true","","47.D.0","825","","","","","","SEAFO division D.0","División SEAFO D.0","Division SEAFO D.0","47.D.0"
"true","","47.D.1","826","","","","","","SEAFO division D.1","División SEAFO D.1","Division SEAFO D.1","47.D.1"
"false","","51.3.2","830","","","","","","Arabian Sea, South Western","Mar arábigo, sudoccidental","Mer d'Arabie, sud-ouest","51.3.2"
