"Char12_Identifier","Corresp_Language","End_Year","ISO2_Code","ISO3_Code","Identifier","Name_Ar","Name_Cn","Name_En","Name_Es","Name_Fr","Name_Ru","Official_Name_Ar","Official_Name_Cn","Official_Name_En","Official_Name_Es","Official_Name_Fr","Official_Name_Ru","Sort_Pos","Start_Year","UNDP_Code","UN_Code"
"Armenia","E","9999","AM","ARM","1","أرمينيا","亚美尼亚","Armenia","Armenia","Arménie","Армения","جمهوريّة أرمينيا","亚美尼亚共和国","the Republic of Armenia","la República de Armenia","la République d'Arménie","Республика Армения","83","1992","ARM","051"
"Afghanistan","E","9999","AF","AFG","2","أفغانستان","阿富汗","Afghanistan","Afganistán","Afghanistan","Афганистан","جمهوريّة أفغانستان الإسلامية","阿富汗伊斯兰共和国","The Islamic Republic of Afghanistan","la República Islámica del Afganistán","la République islamique d'Afghanistan","Исламская Республика Афганистан","10","1900","AFG","004"
"Albania","E","9999","AL","ALB","3","ألبانيا","阿尔巴尼亚","Albania","Albania","Albanie","Албания","جمهوريّة ألبانيا","阿尔巴尼亚共和国","the Republic of Albania","la República de Albania","la République d'Albanie","Республика Албания","20","1912","ALB","008"
"Algeria","F","9999","DZ","DZA","4","الجزائر","阿尔及利亚","Algeria","Argelia","Algérie","Алжир","الجمهوريّة الجزائريّة الديمقراطيّة الشعبيّة","阿尔及利亚民主人民共和国","the People's Democratic Republic of Algeria","la República Argelina Democrática y Popular","la République algérienne démocratique et populaire","Алжирская Народная Демократическая Республика","30","1962","ALG","012"
"Amer Samoa","E","9999","AS","ASM","5","ساموا الأمريكيّة","美属萨摩亚","American Samoa","Samoa Americana","Samoa américaines","Американское Самоа","ساموا الأمريكيّة","美属萨摩亚","the American Samoa","las Samoa Americanas","les Samoa américaines","Американское Самоа","40","1900","","016"
"Andorra","F","9999","AD","AND","6","أندورا","安道尔","Andorra","Andorra","Andorre","Андорра","إمارة أندورا","安道尔公国","the Principality of Andorra","el Principado de Andorra","la Principauté d'Andorre","Княжество Андорра","50","1900","AND","020"
"Angola","S","9999","AO","AGO","7","أنغولا","安哥拉","Angola","Angola","Angola","Ангола","جمهوريّة أنغولا","安哥拉共和国","the Republic of Angola","la República de Angola","la République d'Angola","Республика Ангола","60","1975","ANG","024"
"Antigua Barb","E","9999","AG","ATG","8","أنتيغوا وبربودا","安提瓜和巴布达","Antigua and Barbuda","Antigua y Barbuda","Antigua-et-Barbuda","Антигуа и Барбуда","أنتيغوا وبربودا","安提瓜和巴布达","Antigua and Barbuda","Antigua y Barbuda","Antigua-et-Barbuda","Антигуа и Барбуда","70","1981","ANT","028"
"Argentina","S","9999","AR","ARG","9","الأرجنتين","阿根廷","Argentina","Argentina","Argentine","Аргентина","جمهوريّة الأرجنتين","阿根廷共和国","the Argentine Republic","la República Argentina","la République argentine","Аргентинская Республика","80","1900","ARG","032"
"Australia","E","9999","AU","AUS","10","أستراليا","澳大利亚","Australia","Australia","Australie","Австралия","أستراليا","澳大利亚","Australia","Australia","l'Australie","Австралия","90","1900","AUL","036"
"Austria","E","9999","AT","AUT","11","النمسا","奥地利","Austria","Austria","Autriche","Австрия","جمهوريّة النمسا","奥地利共和国","the Republic of Austria","la República de Austria","la République d'Autriche","Австрийская Республика","100","1900","AUS","040"
"Bahamas","E","9999","BS","BHS","12","جزر البهاما","巴哈马","Bahamas","Bahamas","Bahamas","Багамские Острова","كومنولث جزر البهاما","巴哈马国","the Commonwealth of the Bahamas","el Commonwealth de las Bahamas","le Commonwealth des Bahamas","Содружество Багамских Островов","110","1973","BHA","044"
"Bahrain","E","9999","BH","BHR","13","البحرين","巴林","Bahrain","Bahrein","Bahreïn","Бахрейн","مملكة البحرين","巴林王国","the Kingdom of Bahrain","el Reino de Bahrein","le Royaume de Bahreïn","Королевство Бахрейн","120","1971","BAH","048"
"Barbados","E","9999","BB","BRB","14","بربادوس","巴巴多斯","Barbados","Barbados","Barbade","Барбадос","بربادوس","巴巴多斯","Barbados","Barbados","la Barbade","Барбадос","140","1966","BAR","052"
"Bel-Lux","E","1999","","","15","","","Belgium-Luxembourg","Belgica-Luxemburgo","Belgique-Luxembourg","","","","","","","","155","1900","","058"
"Bangladesh","E","9999","BD","BGD","16","بنغلاديش","孟加拉国","Bangladesh","Bangladesh","Bangladesh","Бангладеш","جمهوريّة بنغلاديش الشعبيّة","孟加拉人民共和国","the People's Republic of Bangladesh","la República Popular de Bangladesh","la République populaire du Bangladesh","Народная Республика Бангладеш","130","1947","BGD","050"
"Bermuda","E","9999","BM","BMU","17","برمودا","百慕大","Bermuda","Bermudas","Bermudes","Бермудские острова","برمودا","百慕大","Bermuda","Bermudas","les Bermudes","Бермудские острова","180","1900","","060"
"Bhutan","E","9999","BT","BTN","18","بوتان","不丹","Bhutan","Bhután","Bhoutan","Бутан","مملكة بوتان","不丹王国","the Kingdom of Bhutan","el Reino de Bhután","le Royaume du Bhoutan","Королевство Бутан","190","1900","BHU","064"
"Bolivia","S","9999","BO","BOL","19","بوليفيا (دولة المتعددة القوميات)","玻利维亚","Bolivia (Plurinat.State)","Bolivia (Estado Plurin.)","Bolivie (État plurinat.)","Боливия (Многонациональное Государство)","دولة بوليفيا المتعددة القوميات","多民族玻利维亚国","the Plurinational State of Bolivia","el Estado Plurinacional de Bolivia","l'État plurinational de Bolivie","Многонациональное Государство Боливия","200","1900","BOL","068"
"Botswana","E","9999","BW","BWA","20","بوتسوانا","博茨瓦纳","Botswana","Botswana","Botswana","Ботсвана","جمهوريّة بوتسوانا","博茨瓦纳共和国","the Republic of Botswana","la República de Botswana","la République du Botswana","Республика Ботсвана","210","1966","BOT","072"
"Brazil","E","9999","BR","BRA","21","البرازيل","巴西","Brazil","Brasil","Brésil","Бразилия","الجمهوريّة الاتحاديّة البرازيليّة","巴西联邦共和国","the Federative Republic of Brazil","la República Federativa del Brasil","la République fédérative du Brésil","Федеративная Республика Бразилия","230","1900","BRA","076"
"Aruba","E","9999","AW","ABW","22","أَروبا","阿鲁巴岛","Aruba","Aruba","Aruba","Аруба","أَروبا","阿鲁巴岛","Aruba","Aruba","Aruba","Аруба","85","1986","","533"
"Belize","E","9999","BZ","BLZ","23","بليز","伯利兹","Belize","Belice","Belize","Белиз","بليز","伯利兹","Belize","Belice","le Belize","Белиз","160","1981","BZE","084"
"Br Ind Oc Tr","E","9999","IO","IOT","24","المناطق البريطانيّة في المحيط الهندي","英属印度洋领地","British Indian Ocean Ter","Ter. Brit. Océano Índico","Terr. brit. océan Indien","Британская территория в Индийском океане","المناطق البريطانيّة في المحيط الهندي","英属印度洋领地","British Indian Ocean Territory","Territorio Británico del Océano Índico","Territoire britannique de l'océan Indien","Британская территория в Индийском океане","250","1900","","086"
"Solomon Is","E","9999","SB","SLB","25","جزر سليمان","所罗门群岛","Solomon Islands","Islas Salomón","Îles Salomon","Соломоновы Острова","جزر سليمان","所罗门群岛","Solomon Islands","las Islas Salomón","les Îles Salomon","Соломоновы Острова","1850","1978","SOI","090"
"Brunei Darsm","E","9999","BN","BRN","26","بروني دار السلام","文莱达鲁萨兰国","Brunei Darussalam","Brunei Darussalam","Brunéi Darussalam","Бруней-Даруссалам","بروني دار السلام","文莱达鲁萨兰国","Brunei Darussalam","Brunei Darussalam","le Brunéi Darussalam","Бруней-Даруссалам","270","1900","BRU","096"
"Bulgaria","E","9999","BG","BGR","27","بلغاريا","保加利亚","Bulgaria","Bulgaria","Bulgarie","Болгария","جمهوريّة بلغاريا","保加利亚共和国","the Republic of Bulgaria","la República de Bulgaria","la République de Bulgarie","Республика Болгария","280","1900","BUL","100"
"Myanmar","E","9999","MM","MMR","28","ميانمار","缅甸","Myanmar","Myanmar","Myanmar","Мьянма","جمهوريّة اتحاد ميانمار","缅甸联邦共和国","the Republic of the Union of Myanmar","la República de la Unión de Myanmar","République de l'Union du Myanmar","Республика Союз Мьянма","1385","1948","MYA","104"
"Burundi","F","9999","BI","BDI","29","بوروندي","布隆迪","Burundi","Burundi","Burundi","Бурунди","جمهوريّة بوروندي","布隆迪共和国","the Republic of Burundi","la República de Burundi","la République du Burundi","Республика Бурунди","300","1962","BDI","108"
"Antarctica","E","9999","AQ","ATA","30","أنتارتيكا","南极洲","Antarctica","Antártida","Antarctique","Антарктика","أنتارتيكا","南极洲","Antarctica","Antártida","Antarctique","Антарктика","","1900","","010"
"Bouvet Is","E","9999","BV","BVT","31","جزر بوفيه","博维特岛","Bouvet Island","Isla Bouvet","Île Bouvet","остров Буве","جزر بوفيه","博维特岛","Bouvet Island","Isla Bouvet","Île Bouvet","остров Буве","220","1900","","074"
"Cameroon","F","9999","CM","CMR","32","الكاميرون","喀麦隆","Cameroon","Camerún","Cameroun","Камерун","جمهوريّة الكاميرون","喀麦隆共和国","the Republic of Cameroon","la República del Camerún","la République du Cameroun","Республика Камерун","310","1960","CMR","120"
"Canada","E","9999","CA","CAN","33","كندا","加拿大","Canada","Canadá","Canada","Канада","كندا","加拿大","Canada","el Canadá","le Canada","Канада","320","1900","CAN","124"
"Canton Is","E","1979","","","34","جزر كانتون وإنديربيري","坎顿和恩德贝里群岛","Canton and Enderbury Is","Islas Canton y Enderbury","Îles Canton et Enderbury","острова Кантон и Эндербери","جزر كانتون وإنديربيري","坎顿和恩德贝里群岛","the Canton and Enderbury Islands","las Islas Canton y Enderbury","les Îles Canton et Enderbury","острова Кантон и Эндербери","","1900","","128"
"Cabo Verde","F","9999","CV","CPV","35","كابو فيردي","佛得角","Cabo Verde","Cabo Verde","Cabo Verde","Кабо-Верде","جمهوريّة كابو فيردي","佛得角共和国","the Republic of Cabo Verde","la República de Cabo Verde","la République de Cabo Verde","Республика Кабо-Верде","302","1975","CVI","132"
"Cayman Is","E","9999","KY","CYM","36","جزر كايمان","开曼群岛","Cayman Islands","Islas Caimán","Îles Caïmanes","Каймановы острова","جزر كايمان","开曼群岛","the Cayman Islands","las Islas Caimán","les Îles Caïmanes","Каймановы Острова","380","1900","","136"
"Cent Afr Rep","F","9999","CF","CAF","37","جمهوريّة أفريقيا الوسطى","中非共和国","Central African Republic","República Centroafricana","Rép. centrafricaine","Центральноафриканская Республика","جمهوريّة أفريقيا الوسطى","中非共和国","the Central African Republic","la República Centroafricana","la République centrafricaine","Центральноафриканская Республика","390","1958","CAF","140"
"Sri Lanka","E","9999","LK","LKA","38","سري لانكا","斯里兰卡","Sri Lanka","Sri Lanka","Sri Lanka","Шри-Ланка","جمهوريّة سري لانكا الاشتراكيّة الديمقراطيّة","斯里兰卡民主社会主义共和国","the Democratic Socialist Republic of Sri Lanka","la República Socialista Democrática de Sri Lanka","la République socialiste démocratique de Sri Lanka","Демократическая Социалистическая Республика Шри-Ланка","1900","1900","SRL","144"
"Chad","F","9999","TD","TCD","39","تشاد","乍得","Chad","Chad","Tchad","Чад","جمهوريّة تشاد","乍得共和国","the Republic of Chad","la República del Chad","la République du Tchad","Республика Чад","400","1958","CHD","148"
"Chile","S","9999","CL","CHL","40","شيلي","智利","Chile","Chile","Chili","Чили","جمهوريّة شيلي","智利共和国","the Republic of Chile","la República de Chile","la République du Chili","Республика Чили","410","1900","CHI","152"
"China","E","9999","CN","CHN","41","الصين","中国","China","China","Chine","Китай","جمهوريّة الصين الشعبيّة","中华人民共和国","the People's Republic of China","la República Popular China","la République populaire de Chine","Китайская Народная Республика","420","1900","CPR","156"
"Christmas Is","E","9999","CX","CXR","42","جزر كريسماس","圣诞岛","Christmas Island","Isla de Navidad","Île Christmas","остров Рождества","جزر كريسماس","圣诞岛","Christmas Island","la Isla de Navidad","l'Île Christmas","остров Рождества","430","1900","","162"
"Cocos Is","E","9999","CC","CCK","43","جزر كوكوس - كيلنغ","可可群岛","Cocos (Keeling) Islands","Islas Cocos (Keeling)","Îles des Cocos (Keeling)","Кокосовые острова (Килинг)","جزر كوكوس - كيلنغ","可可群岛","the Cocos (Keeling) Islands","las Islas Cocos (Keeling)","les Îles des Cocos (Keeling)","Кокосовые острова (Килинг)","440","1900","","166"
"Colombia","S","9999","CO","COL","44","كولومبيا","哥伦比亚","Colombia","Colombia","Colombie","Колумбия","جمهوريّة كولومبيا","哥伦比亚共和国","the Republic of Colombia","la República de Colombia","la République de Colombie","Республика Колумбия","450","1900","COL","170"
"Comoros","F","9999","KM","COM","45","جزر القمر","科摩罗","Comoros","Comoras","Comores","Коморские Острова","اتحاد جزر القمر","科摩罗联盟","the Union of the Comoros","la Unión de las Comoras","l'Union des Comores","Союз Коморских Островов","460","1975","COI","174"
"Congo","F","9999","CG","COG","46","الكونغو","刚果","Congo","Congo","Congo","Конго","جمهوريّة الكونغو","刚果共和国","the Republic of the Congo","la República del Congo","la République du Congo","Республика Конго","463","1958","PRC","178"
"Cook Is","E","9999","CK","COK","47","جزر كوك","库克群岛","Cook Islands","Islas Cook","Îles Cook","Острова Кука","جزر كوك","库克群岛","the Cook Islands","las Islas Cook","les Îles Cook","Острова Кука","480","1900","CKI","184"
"Costa Rica","S","9999","CR","CRI","48","كوستاريكا","哥斯达黎加","Costa Rica","Costa Rica","Costa Rica","Коста-Рика","جمهوريّة كوستاريكا","哥斯达黎加共和国","the Republic of Costa Rica","la República de Costa Rica","la République du Costa Rica","Республика Коста-Рика","490","1900","COS","188"
"Cuba","S","9999","CU","CUB","49","كوبا","古巴","Cuba","Cuba","Cuba","Куба","جمهوريّة كوبا","古巴共和国","the Republic of Cuba","la República de Cuba","la République de Cuba","Республика Куба","500","1900","CUB","192"
"Cyprus","E","9999","CY","CYP","50","قبرص","塞浦路斯","Cyprus","Chipre","Chypre","Кипр","جمهوريّة قبرص","塞浦路斯共和国","the Republic of Cyprus","la República de Chipre","la République de Chypre","Республика Кипр","510","1960","CYP","196"
"Czechoslovak","E","1992","","CSK","51","","","Czechoslovakia","Checoslovaquia","Tchécoslovaquie","","","","Czechoslovakia","Checoslovaquia","Tchécoslovaquie","","520","1900","","200"
"Azerbaijan","E","9999","AZ","AZE","52","أذربيجان","阿塞拜疆","Azerbaijan","Azerbaiyán","Azerbaïdjan","Азербайджан","الجمهوريّة الأذربيجانيّة","阿塞拜疆共和国","the Republic of Azerbaijan","la República de Azerbaiyán","la République d'Azerbaïdjan","Азербайджанская Республика","103","1992","AZE","031"
"Benin","F","9999","BJ","BEN","53","بنن","贝宁","Benin","Benin","Bénin","Бенин","جمهوريّة بنن","贝宁共和国","the Republic of Benin","la República de Benin","la République du Bénin","Республика Бенин","171","1958","BEN","204"
"Denmark","E","9999","DK","DNK","54","الدانمرك","丹麦","Denmark","Dinamarca","Danemark","Дания","مملكة الدانمرك","丹麦王国","the Kingdom of Denmark","el Reino de Dinamarca","le Royaume du Danemark","Королевство Дания","530","1900","DEN","208"
"Dominica","E","9999","DM","DMA","55","دومينيكا","多米尼克","Dominica","Dominica","Dominique","Доминика","كومنولث دومينيكا","多米尼克国","the Commonwealth of Dominica","el Commonwealth de Dominica","le Commonwealth de la Dominique","Содружество Доминики","540","1967","DMI","212"
"Dominican Rp","S","9999","DO","DOM","56","الجمهوريّة الدومينيكيّة","多米尼加共和国","Dominican Republic","República Dominicana","République dominicaine","Доминиканская Республика","الجمهوريّة الدومينيكيّة","多米尼加共和国","the Dominican Republic","la República Dominicana","la République dominicaine","Доминиканская Республика","550","1900","DOM","214"
"Belarus","E","9999","BY","BLR","57","بيلاروس","白俄罗斯","Belarus","Belarús","Bélarus","Беларусь","جمهوريّة بيلاروس","白俄罗斯共和国","the Republic of Belarus","la República de Belarús","la République du Bélarus","Республика Беларусь","146","1992","BYE","112"
"Ecuador","S","9999","EC","ECU","58","إكوادور","厄瓜多尔","Ecuador","Ecuador","Équateur","Эквадор","جمهوريّة إكوادور","厄瓜多尔共和国","the Republic of Ecuador","la República del Ecuador","la République de l'Équateur","Республика Эквадор","580","1900","ECU","218"
"Egypt","E","9999","EG","EGY","59","مصر","埃及","Egypt","Egipto","Égypte","Египет","جمهوريّة مصر العربيّة","阿拉伯埃及共和国","the Arab Republic of Egypt","la República Árabe de Egipto","la République arabe d'Égypte","Арабская Республика Египет","590","1900","EGY","818"
"El Salvador","S","9999","SV","SLV","60","السلفادور","萨尔瓦多","El Salvador","El Salvador","El Salvador","Сальвадор","جمهوريّة السلفادور","萨尔瓦多共和国","the Republic of El Salvador","la República de El Salvador","la République d'El Salvador","Республика Эль-Сальвадор","600","1900","ELS","222"
"Eq Guinea","S","9999","GQ","GNQ","61","غينيا الاستوائيّة","赤道几内亚","Equatorial Guinea","Guinea Ecuatorial","Guinée équatoriale","Экваториальная Гвинея","جمهوريّة غينيا الاستوائيّة","赤道几内亚共和国","the Republic of Equatorial Guinea","la República de Guinea Ecuatorial","la République de Guinée équatoriale","Республика Экваториальная Гвинея","610","1968","EQG","226"
"Ethiopia PDR","E","1992","","","62","","","Ethiopia PDR","Etiopía RDP","Éthiopie RDP","","","","","","","","625","1900","","230"
"Estonia","E","9999","EE","EST","63","إستونيا","爱沙尼亚","Estonia","Estonia","Estonie","Эстония","جمهوريّة إستونيا","爱沙尼亚共和国","the Republic of Estonia","la República de Estonia","la République d'Estonie","Эстонская Республика","617","1992","EST","233"
"Faroe Is","E","9999","FO","FRO","64","جزر فاراو","法罗群岛","Faroe Islands","Islas Feroe","Îles Féroé","Фарерские острова","جزر فاراو","法罗群岛","the Faroe Islands","las Islas Feroe","les Îles Féroé","Фарерские острова","645","1900","","234"
"Falkland Is","E","9999","FK","FLK","65","جزر فوكلاند - مالفيناس","福克兰群岛","Falkland Is.(Malvinas)","Islas Malvinas(Falkland)","Îles Falkland(Malvinas)","Фолклендские (Мальвинские) острова","جزر فوكلاند - مالفيناس","福克兰群岛（马尔维纳斯）","the Falkland Islands (Malvinas)","las Islas Malvinas (Falkland Islands)","les Îles Falkland (Malvinas)","Фолклендские (Мальвинские) острова","640","1900","","238"
"Fiji","E","9999","FJ","FJI","66","فيجي","斐济","Fiji","Fiji","Fidji","Фиджи","جمهوريّة فيجي","斐济共和国","the Republic of Fiji","la República de Fiji","la République des Fidji","Республика Фиджи","650","1970","FIJ","242"
"Finland","E","9999","FI","FIN","67","فنلندا","芬 兰","Finland","Finlandia","Finlande","Финляндия","جمهوريّة فنلندا","芬兰共和国","the Republic of Finland","la República de Finlandia","la République de Finlande","Финляндская Республика","660","1900","FIN","246"
"France","F","9999","FR","FRA","68","فرنسا","法国","France","Francia","France","Франция","الجمهوريّة الفرنسية","法兰西共和国","the French Republic","la República Francesa","la République française","Французская Республика","670","1900","FRA","250"
"Fr Guiana","F","9999","GF","GUF","69","غيانا الفرنسيّة","法属圭亚那","French Guiana","Guayana Francesa","Guyane française","Французская Гвиана","غيانا الفرنسيّة","法属圭亚那","French Guiana","Guayana francesa","la Guyane française","Французская Гвиана","680","1900","","254"
"Fr Polynesia","F","9999","PF","PYF","70","بولينيزيا الفرنسية","法属波利尼西亚","French Polynesia","Polinesia Francesa","Polynésie française","Французская Полинезия","بولينيزيا الفرنسية","法属波利尼西亚","French Polynesia","Polinesia Francesa","la Polynésie française","Французская Полинезия","690","1900","","258"
"Fr South Tr","F","9999","TF","ATF","71","الأراضي الفرنسية الجنوبية","法属南部领土","French Southern Terr","Tierras Australes Fr.","Terres australes fr.","Французские южные территории","الأراضي الفرنسية الجنوبية","法属南部领土","the French Southern Territories","las Tierras Australes Francesas","les Terres australes françaises","Французские южные территории","700","1900","","260"
"Djibouti","F","9999","DJ","DJI","72","جيبوتي","吉布提","Djibouti","Djibouti","Djibouti","Джибути","جمهوريّة جيبوتي","吉布提共和国","the Republic of Djibouti","la República de Djibouti","la République de Djibouti","Республика Джибути","535","1977","DJI","262"
"Georgia","E","9999","GE","GEO","73","جورجيا","格鲁吉亚","Georgia","Georgia","Géorgie","Грузия","جورجيا","格鲁吉亚","Georgia","Georgia","la Géorgie","Грузия","742","1992","GEO","268"
"Gabon","F","9999","GA","GAB","74","غابون","加蓬","Gabon","Gabón","Gabon","Габон","الجمهوريّة الغابونية","加蓬共和国","the Gabonese Republic","la República Gabonesa","la République gabonaise","Габонская Республика","720","1958","GAB","266"
"Gambia","E","9999","GM","GMB","75","غامبيا","冈比亚","Gambia","Gambia","Gambie","Гамбия","جمهوريّة غامبيا","冈比亚共和国","the Republic of the Gambia","la República de Gambia","la République de Gambie","Республика Гамбия","730","1965","GAM","270"
"Gaza Strip","E","1998","","","76","قطاع غزة","加沙地带","Gaza Strip","Franja de Gaza","Bande de Gaza","сектор Газа","قطاع غزة","加沙地带","Gaza Strip","Franja de Gaza","Bande de Gaza","сектор Газа","740","1900","PAL","274"
"Germany NL","E","1990","","","77","","","Germany,New Länder","Alemania,Nuevos Länder","Allemagne,NouveauxLänder","","","","","","","","760","1900","","278"
"Germany FR","E","1990","","","78","","","Germany, Fed. Rep. of","Alemania, Rep. Fed. de","Allemagne, Rép. féd. d'","","","","","","","","750","1900","","280"
"Germany","E","9999","DE","DEU","79","ألمانيا","德国","Germany","Alemania","Allemagne","Германия","جمهوريّة ألمانيا الاتحادية","德意志联邦共和国","the Federal Republic of Germany","la República Federal de Alemania","la République fédérale d'Allemagne","Федеративная Республика Германия","745","1990","GER","276"
"Bosnia Herzg","E","9999","BA","BIH","80","البوسنة والهرسك","波斯尼亚和黑塞哥维那","Bosnia and Herzegovina","Bosnia y Herzegovina","Bosnie-Herzégovine","Босния и Герцеговина","البوسنة والهرسك","波斯尼亚和黑塞哥维那","Bosnia and Herzegovina","Bosnia y Herzegovina","la Bosnie-Herzégovine","Босния и Герцеговина","206","1992","BIH","070"
"Ghana","E","9999","GH","GHA","81","غانا","加纳","Ghana","Ghana","Ghana","Гана","جمهوريّة غانا","加纳共和国","the Republic of Ghana","la República de Ghana","la République du Ghana","Республика Гана","770","1957","GHA","288"
"Gibraltar","E","9999","GI","GIB","82","جبل طارق","直布罗陀","Gibraltar","Gibraltar","Gibraltar","Гибралтар","جبل طارق","直布罗陀","Gibraltar","Gibraltar","Gibraltar","Гибралтар","780","1900","","292"
"Kiribati","E","9999","KI","KIR","83","كيريباس","基里巴斯","Kiribati","Kiribati","Kiribati","Кирибати","جمهوريّة كيريباس","基里巴斯共和国","the Republic of Kiribati","la República de Kiribati","la République de Kiribati","Республика Кирибати","1085","1979","KIR","296"
"Greece","E","9999","GR","GRC","84","اليونان","希腊","Greece","Grecia","Grèce","Греция","الجمهوريّة الهيلانيّة","希腊共和国","the Hellenic Republic","la República Helénica","la République hellénique","Греческая Республика","800","1900","GRE","300"
"Greenland","E","9999","GL","GRL","85","غرينلاند","格陵兰","Greenland","Groenlandia","Groenland","Гренландия","غرينلاند","格陵兰","Greenland","Groenlandia","Groenland","Гренландия","810","1900","","304"
"Grenada","E","9999","GD","GRD","86","غرينادا","格林纳达","Grenada","Granada","Grenade","Гренада","غرينادا","格林纳达","Grenada","Granada","la Grenade","Гренада","820","1974","GRN","308"
"Guadeloupe","F","9999","GP","GLP","87","غوادلوب","瓜德罗普","Guadeloupe","Guadalupe","Guadeloupe","Гваделупа","غوادلوب","瓜德罗普","Guadeloupe","Guadalupe","la Guadeloupe","Гваделупа","830","1900","","312"
"Guam","E","9999","GU","GUM","88","غوام","关岛","Guam","Guam","Guam","Гуам","غوام","关岛","Guam","Guam","Guam","Гуам","840","1900","","316"
"Guatemala","S","9999","GT","GTM","89","غواتيمالا","危地马拉","Guatemala","Guatemala","Guatemala","Гватемала","جمهوريّة غواتيمالا","危地马拉共和国","the Republic of Guatemala","la República de Guatemala","la République du Guatemala","Республика Гватемала","850","1900","GUA","320"
"Guinea","F","9999","GN","GIN","90","غينيا","几内亚","Guinea","Guinea","Guinée","Гвинея","جمهوريّة غينيا","几内亚共和国","the Republic of Guinea","la República de Guinea","la République de Guinée","Гвинейская Республика","860","1958","GUI","324"
"Guyana","E","9999","GY","GUY","91","غيانا","圭亚那","Guyana","Guyana","Guyana","Гайана","جمهوريّة غيانا التعاونيّة","圭亚那合作共和国","the Co-operative Republic of Guyana","la República Cooperativa de Guyana","la République coopérative du Guyana","Кооперативная Республика Гайана","880","1966","GUY","328"
"Heard Is","E","9999","HM","HMD","92","جزيرة هيرد وجزر ماكدونالد","赫德和麦克唐纳群岛","Heard and McDonald Is.","Islas Heard y McDonald","Îles Heard et McDonald","острова Херд и Макдональд","جزيرة هيرد وجزر ماكدونالد","赫德岛和麦克唐纳岛","the Heard Island and McDonald Islands","las Islas Heard y McDonald","les Îles Heard et McDonald","острова Херд и Макдональд","900","1900","","334"
"Haiti","F","9999","HT","HTI","93","هايتي","海地","Haiti","Haití","Haïti","Гаити","جمهوريّة هايتي","海地共和国","the Republic of Haiti","la República de Haití","la République d'Haïti","Республика Гаити","890","1900","HAI","332"
"Holy See","F","9999","VA","VAT","94","الكرسي الرسولي","教廷","Holy See","Santa Sede","Saint-Siège","Святой Престол","الكرسي الرسولي","教廷","the Holy See","la Santa Sede","le Saint-Siège","Святой Престол","905","1900","","336"
"Honduras","S","9999","HN","HND","95","هندوراس","洪都拉斯","Honduras","Honduras","Honduras","Гондурас","جمهوريّة هندوراس","洪都拉斯共和国","the Republic of Honduras","la República de Honduras","la République du Honduras","Республика Гондурас","910","1900","HON","340"
"China,H.Kong","E","9999","HK","HKG","96","الصين - هونغ كونغ منطقة إداريّة خاصة","中国香港特区","China, Hong Kong SAR","China, RAE de Hong Kong","Chine - RAS de Hong-Kong","Китай, Специальный административный район Гонконг","الصين - هونغ كونغ منطقة إداريّة خاصة","中国香港特别行政区","China, Hong Kong Special Administrative Region","China, Región Administrativa Especial de Hong Kong","Chine - Région administrative spéciale de Hong-Kong","Китай, Специальный административный район Гонконг","423","1900","","344"
"Hungary","E","9999","HU","HUN","97","هنغاريا","匈牙利","Hungary","Hungría","Hongrie","Венгрия","هنغاريا","匈牙利","Hungary","Hungría","la Hongrie","Венгрия","930","1900","HUN","348"
"Croatia","E","9999","HR","HRV","98","كرواتيا","克罗地亚","Croatia","Croacia","Croatie","Хорватия","جمهوريّة كرواتيا","克罗地亚共和国","the Republic of Croatia","la República de Croacia","la République de Croatie","Республика Хорватия","497","1992","CRO","191"
"Iceland","E","9999","IS","ISL","99","آيسلندا","冰岛","Iceland","Islandia","Islande","Исландия","جمهوريّة آيسلندا","冰岛共和国","the Republic of Iceland","la República de Islandia","la République d'Islande","Республика Исландия","940","1900","ICE","352"
"India","E","9999","IN","IND","100","الهند","印度","India","India","Inde","Индия","جمهوريّة الهند","印度共和国","the Republic of India","la República de la India","la République de l'Inde","Республика Индия","950","1947","IND","356"
"Indonesia","E","9999","ID","IDN","101","إندونيسيا","印度尼西亚","Indonesia","Indonesia","Indonésie","Индонезия","جمهوريّة إندونيسيا","印度尼西亚共和国","the Republic of Indonesia","la República de Indonesia","la République d'Indonésie","Республика Индонезия","960","1945","INS","360"
"Iran","E","9999","IR","IRN","102","إيران (جمهوريّة - الإسلامية)","伊朗","Iran (Islamic Rep. of)","Irán (Rep. Islámica del)","Iran (Rép. islamique d')","Иран (Исламская Республика)","جمهوريّة إيران الإسلامية","伊朗伊斯兰共和国","the Islamic Republic of Iran","la República Islámica del Irán","la République islamique d'Iran","Исламская Республика Иран","970","1900","IRA","364"
"Iraq","E","9999","IQ","IRQ","103","العراق","伊拉克","Iraq","Iraq","Iraq","Ирак","جمهوريّة العراق","伊拉克共和国","the Republic of Iraq","la República del Iraq","la République d'Iraq","Республика Ирак","980","1932","IRQ","368"
"Ireland","E","9999","IE","IRL","104","آيرلندا","爱尔兰","Ireland","Irlanda","Irlande","Ирландия","آيرلندا","爱尔兰","Ireland","Irlanda","l'Irlande","Ирландия","990","1900","IRE","372"
"Israel","E","9999","IL","ISR","105","إسرائيل","以色列","Israel","Israel","Israël","Израиль","دولة إسرائيل","以色列国","the State of Israel","el Estado de Israel","l'État d'Israël","Государство Израиль","1000","1948","ISR","376"
"Italy","E","9999","IT","ITA","106","إيطاليا","意大利","Italy","Italia","Italie","Италия","الجمهوريّة الإيطالية","意大利共和国","the Republic of Italy","la República Italiana","la République italienne","Итальянская Республика","1010","1900","ITA","380"
"Côte dIvoire","F","9999","CI","CIV","107","كوت ديفوار","科特迪瓦","Côte d'Ivoire","Côte d'Ivoire","Côte d'Ivoire","Кот-д'Ивуар","جمهوريّة كوت ديفوار","科特迪瓦共和国","the Republic of Côte d'Ivoire","la República de Côte d'Ivoire","la République de Côte d'Ivoire","Республика Кот-д'Ивуар","495","1960","IVC","384"
"Kazakhstan","E","9999","KZ","KAZ","108","كازاخستان","哈萨克斯坦","Kazakhstan","Kazajstán","Kazakhstan","Казахстан","جمهوريّة كازاخستان","哈萨克斯坦共和国","the Republic of Kazakhstan","la República de Kazajstán","la République du Kazakhstan","Республика Казахстан","1070","1992","KAZ","398"
"Jamaica","E","9999","JM","JAM","109","جامايكا","牙买加","Jamaica","Jamaica","Jamaïque","Ямайка","جامايكا","牙买加","Jamaica","Jamaica","la Jamaïque","Ямайка","1030","1962","JAM","388"
"Japan","E","9999","JP","JPN","110","اليابان","日本","Japan","Japón","Japon","Япония","اليابان","日本国","Japan","el Japón","le Japon","Япония","1040","1900","JPN","392"
"Johnston Is","E","1985","JT","JTN","111","جزيرة جونستون","约翰斯顿岛","Johnston Island","Isla de Johnston","Île Johnston","остров Джонстон","جزيرة جونستون","约翰斯顿岛","Johnston Island","Isla de Johnston","Île Johnston","остров Джонстон","","1900","","396"
"Jordan","E","9999","JO","JOR","112","الأردن","约旦","Jordan","Jordania","Jordanie","Иордания","المملكة الأردنيّة الهاشميّة","约旦哈希姆王国","the Hashemite Kingdom of Jordan","el Reino Hachemita de Jordania","le Royaume hachémite de Jordanie","Иорданское Хашимитское Королевство","1060","1921","JOR","400"
"Kyrgyzstan","E","9999","KG","KGZ","113","قيرغيزستان","吉尔吉斯斯坦","Kyrgyzstan","Kirguistán","Kirghizistan","Кыргызстан","جمهوريّة القيرغيز","吉尔吉斯共和国","the Kyrgyz Republic","la República Kirguisa","la République kirghize","Кыргызская Республика","1115","1992","KYR","417"
"Kenya","E","9999","KE","KEN","114","كينيا","肯尼亚","Kenya","Kenya","Kenya","Кения","جمهوريّة كينيا","肯尼亚共和国","the Republic of Kenya","la República de Kenya","la République du Kenya","Республика Кения","1080","1963","KEN","404"
"Cambodia","E","9999","KH","KHM","115","كمبوديا","柬埔寨","Cambodia","Camboya","Cambodge","Камбоджа","مملكة كمبوديا","柬埔寨王国","the Kingdom of Cambodia","el Reino de Camboya","le Royaume du Cambodge","Королевство Камбоджа","305","1953","CMB","116"
"Korea D P Rp","E","9999","KP","PRK","116","جمهورية كوريا الشعبية الديمقراطية","朝鲜民主主义人民共和国","Korea, Dem. People's Rep","Rep. Pop. Dem. de Corea","Rép. pop. dém. de Corée","Корейская Народно-Демократическая Республика","جمهورية كوريا الشعبية الديمقراطية","朝鲜民主主义人民共和国","the Democratic People's Republic of Korea","la República Popular Democrática de Corea","la République populaire démocratique de Corée","Корейская Народно-Демократическая Республика","1090","1900","DRK","408"
"Korea Rep","E","9999","KR","KOR","117","جمهوريّة كوريا","大韩民国","Korea, Republic of","República de Corea","République de Corée","Республика Корея","جمهوريّة كوريا","大韩民国","the Republic of Korea","la República de Corea","la République de Corée","Республика Корея","1100","1919","ROK","410"
"Kuwait","E","9999","KW","KWT","118","الكويت","科威特","Kuwait","Kuwait","Koweït","Кувейт","دولة الكويت","科威特国","the State of Kuwait","el Estado de Kuwait","l'État du Koweït","Государство Кувейт","1110","1900","KUW","414"
"Latvia","E","9999","LV","LVA","119","لاتفيا","拉脱维亚","Latvia","Letonia","Lettonie","Латвия","جمهوريّة لاتفيا","拉脱维亚共和国","the Republic of Latvia","la República de Letonia","la République de Lettonie","Латвийская Республика","1123","1992","LAT","428"
"Lao P.Dem.R.","E","9999","LA","LAO","120","جمهوريّة لاو الديمقراطية الشعبية","老挝人民民主共和国","Lao People's Dem. Rep.","Rep. Dem. Pop. Lao","Rép. dém. pop. lao","Лаосская Народно-Демократическая Республика","جمهوريّة لاو الديمقراطية الشعبية","老挝人民民主共和国","the Lao People's Democratic Republic","la República Democrática Popular Lao","la République démocratique populaire lao","Лаосская Народно-Демократическая Республика","1120","1900","LAO","418"
"Lebanon","E","9999","LB","LBN","121","لبنان","黎巴嫩","Lebanon","Líbano","Liban","Ливан","الجمهوريّة اللبنانيّة","黎巴嫩共和国","the Lebanese Republic","la República libanesa","la République libanaise","Ливанская Республика","1130","1943","LEB","422"
"Lesotho","E","9999","LS","LSO","122","ليسوتو","莱索托","Lesotho","Lesotho","Lesotho","Лесото","مملكة ليسوتو","莱索托王国","the Kingdom of Lesotho","el Reino de Lesotho","le Royaume du Lesotho","Королевство Лесото","1140","1966","LES","426"
"Liberia","E","9999","LR","LBR","123","ليبريا","利比里亚","Liberia","Liberia","Libéria","Либерия","جمهوريّة ليبريا","利比里亚共和国","the Republic of Liberia","la República de Liberia","la République du Libéria","Республика Либерия","1150","1900","LIR","430"
"Libya","E","9999","LY","LBY","124","ليبيا","利比亚","Libya","Libia","Libye","Ливия","دولة ليبيا","利比亚国","the State of Libya","el Estado de Libia","l'État de Libye","Государство Ливия","1160","1947","LIB","434"
"Liechtensten","F","9999","LI","LIE","125","ليختنشتاين","列支敦士登","Liechtenstein","Liechtenstein","Liechtenstein","Лихтенштейн","إمارة ليختنشتاين","列支敦士登公国","the Principality of Liechtenstein","el Principado de Liechtenstein","la Principauté du Liechtenstein","Княжество Лихтенштейн","1170","1900","","438"
"Lithuania","E","9999","LT","LTU","126","ليتوانيا","立陶宛","Lithuania","Lituania","Lituanie","Литва","جمهوريّة ليتوانيا","立陶宛共和国","the Republic of Lithuania","la República de Lituania","la République de Lituanie","Литовская Республика","1175","1992","LIT","440"
"Marshall Is","E","9999","MH","MHL","127","جزر مارشال","马绍尔群岛","Marshall Islands","Islas Marshall","Îles Marshall","Маршалловы Острова","جمهوريّة جزر مارشال","马绍尔群岛共和国","the Republic of the Marshall Islands","la República de las Islas Marshall","la République des Îles Marshall","Республика Маршалловы Острова","1285","1979","MAS","584"
"China, Macao","E","9999","MO","MAC","128","الصين - مكاو منطقة إداريّة خاصّة","中国澳门特区","China, Macao SAR","China, RAE de Macao","Chine - RAS de Macao","Китай, Специальный административный район Макао","الصين - مكاو منطقة إداريّة خاصّة","中国澳门特别行政区","China, Macao Special Administrative Region","China, Región Administrativa Especial de Macao","Chine - Région administrative spéciale de Macao","Китай, Специальный административный район Макао","424","1900","","446"
"Madagascar","F","9999","MG","MDG","129","مدغشقر","马达加斯加","Madagascar","Madagascar","Madagascar","Мадагаскар","جمهوريّة مدغشقر","马达加斯加共和国","the Republic of Madagascar","la República de Madagascar","la République de Madagascar","Республика Мадагаскар","1200","1960","MAG","450"
"Malawi","E","9999","MW","MWI","130","ملاوي","马拉维","Malawi","Malawi","Malawi","Малави","جمهوريّة ملاوي","马拉维共和国","the Republic of Malawi","la República de Malawi","la République du Malawi","Республика Малави","1210","1964","MLW","454"
"Malaysia","E","9999","MY","MYS","131","ماليزيا","马来西亚","Malaysia","Malasia","Malaisie","Малайзия","ماليزيا","马来西亚","Malaysia","Malasia","la Malaisie","Малайзия","1220","1957","MAL","458"
"Maldives","E","9999","MV","MDV","132","ملديف","马尔代夫","Maldives","Maldivas","Maldives","Мальдивские Острова","جمهوريّة ملديف","马尔代夫共和国","the Republic of Maldives","la República de Maldivas","la République des Maldives","Мальдивская Республика","1260","1965","MDV","462"
"Mali","F","9999","ML","MLI","133","مالي","马里","Mali","Malí","Mali","Мали","جمهوريّة مالي","马里共和国","the Republic of Mali","la República de Malí","la République du Mali","Республика Мали","1270","1958","MLI","466"
"Malta","E","9999","MT","MLT","134","مالطة","马耳他","Malta","Malta","Malte","Мальта","جمهوريّة مالطة","马耳他共和国","the Republic of Malta","la República de Malta","la République de Malte","Республика Мальта","1280","1964","MAT","470"
"Martinique","F","9999","MQ","MTQ","135","مارتينيك","马提尼克","Martinique","Martinica","Martinique","Мартиника","مارتينيك","马提尼克","Martinique","Martinica","la Martinique","Мартиника","1290","1900","","474"
"Mauritania","F","9999","MR","MRT","136","موريتانيا","毛里塔尼亚","Mauritania","Mauritania","Mauritanie","Мавритания","الجمهوريّة الإسلامية الموريتانية","毛里塔尼亚伊斯兰共和国","the Islamic Republic of Mauritania","la República Islámica de Mauritania","la République islamique de Mauritanie","Исламская Республика Мавритания","1300","1958","MAU","478"
"Mauritius","E","9999","MU","MUS","137","موريشيوس","毛里求斯","Mauritius","Mauricio","Maurice","Маврикий","جمهوريّة موريشيوس","毛里求斯共和国","the Republic of Mauritius","la República de Mauricio","la République de Maurice","Республика Маврикий","1310","1968","MAR","480"
"Mexico","S","9999","MX","MEX","138","المكسيك","墨西哥","Mexico","México","Mexique","Мексика","الولايات المتحدة المكسيكيّة","墨西哥合众国","the United Mexican States","los Estados Unidos Mexicanos","les États-Unis du Mexique","Мексиканские Соединенные Штаты","1320","1900","MEX","484"
"Midway Is","E","1985","MI","MID","139","","","Midway Islands","Midway, Islas","Midway, Îles","","","","Midway Island","Islas Midway","Île Midway","","","1900","","488"
"Monaco","F","9999","MC","MCO","140","موناكو","摩纳哥","Monaco","Mónaco","Monaco","Монако","إمارة موناكو","摩纳哥公国","the Principality of Monaco","el Principado de Mónaco","la Principauté de Monaco","Княжество Монако","1340","1900","MNC","492"
"Mongolia","E","9999","MN","MNG","141","منغوليا","蒙古","Mongolia","Mongolia","Mongolie","Монголия","منغوليا","蒙古国","Mongolia","Mongolia","la Mongolie","Монголия","1350","1911","MON","496"
"Montserrat","E","9999","MS","MSR","142","مونتيسيرات","蒙特塞拉特","Montserrat","Montserrat","Montserrat","Монтсеррат","مونتيسيرات","蒙特塞拉特","Montserrat","Montserrat","Montserrat","Монтсеррат","1360","1900","","500"
"Morocco","F","9999","MA","MAR","143","المغرب","摩洛哥","Morocco","Marruecos","Maroc","Марокко","المملكة المغربيّة","摩洛哥王国","the Kingdom of Morocco","el Reino de Marruecos","le Royaume du Maroc","Королевство Марокко","1370","1900","MOR","504"
"Mozambique","E","9999","MZ","MOZ","144","موزامبيق","莫桑比克","Mozambique","Mozambique","Mozambique","Мозамбик","جمهوريّة موزامبيق","莫桑比克共和国","the Republic of Mozambique","la República de Mozambique","la République du Mozambique","Республика Мозамбик","1380","1975","MOZ","508"
"Micronesia","E","9999","FM","FSM","145","ميكرونيزيا (ولايات - الموحدة)","密克罗尼西亚联邦","Micronesia (Fed. States)","Micronesia(Estados Fed.)","Micronésie(États féd.de)","Микронезия (Федеративные Штаты)","ولايات ميكرونيزيا الموحدة","密克罗尼西亚联邦","the Federated States of Micronesia","los Estados Federados de Micronesia","les États fédérés de Micronésie","Федеративные Штаты Микронезии","1325","1979","MIC","583"
"Moldova Rep","E","9999","MD","MDA","146","جمهوريّة  مولدوفا","摩尔多瓦共和国","Moldova, Republic of","República de Moldova","République de Moldova","Республика Молдова","جمهوريّة مولدوفا","摩尔多瓦共和国","the Republic of Moldova","la República de Moldova","la République de Moldova","Республика Молдова","1330","1992","MOL","498"
"Namibia","E","9999","NA","NAM","147","ناميبيا","纳米比亚","Namibia","Namibia","Namibie","Намибия","جمهوريّة ناميبيا","纳米比亚共和国","the Republic of Namibia","la República de Namibia","la République de Namibie","Республика Намибия","1390","1990","NAM","516"
"Nauru","E","9999","NR","NRU","148","ناورو","瑙鲁","Nauru","Nauru","Nauru","Науру","جمهوريّة ناورو","瑙鲁共和国","the Republic of Nauru","la República de Nauru","la République de Nauru","Республика Науру","1400","1968","NAU","520"
"Nepal","E","9999","NP","NPL","149","نيبال","尼泊尔","Nepal","Nepal","Népal","Непал","جمهوريّة نيبال الديمقراطية الاتحاديّة","尼泊尔联邦民主共和国","the Federal Democratic Republic of Nepal","la República Democrática Federal de Nepal","la République fédérale démocratique du Nepal","Федеративная Демократическая Республика Непал","1410","1900","NEP","524"
"Netherlands","E","9999","NL","NLD","150","هولندا","荷兰","Netherlands","Países Bajos","Pays-Bas","Нидерланды","مملكة هولندا","荷兰王国","the Kingdom of the Netherlands","el Reino de los Países Bajos","le Royaume des Pays-Bas","Королевство Нидерландов","1420","1900","NET","528"
"NethAntilles","E","2010","AN","ANT","151","من جزر الأنتيل الهولندية","荷属安的列斯人/属安的列斯人的","Netherlands Antilles","Antillas Neerlandesas","Antilles néerlandaises","(из/ житель) Голландских Антильских островов","من جزر الأنتيل الهولندية","荷属安的列斯人/属安的列斯人的","Netherlands Antilles","Antillas Neerlandesas","les Antilles néerlandaises","(из/ житель) Голландских Антильских островов","1430","1986","NAN","530"
"Neutral Zone","E","9999","","","152","المنطقة المحايدة","中立区","Neutral Zone","Zona Neutral","Zone neutre","Нейтральная зона","المنطقة المحايدة","中立区","Neutral Zone","Zona Neutral","Zone neutre","Нейтральная зона","","1900","","536"
"NewCaledonia","F","9999","NC","NCL","153","كاليدونيا الجديدة","新喀里多尼亚","New Caledonia","Nueva Caledonia","Nouvelle-Calédonie","Новая Каледония","كاليدونيا الجديدة","新喀里多尼亚","New Caledonia","Nueva Caledonia","la Nouvelle-Calédonie","Новая Каледония","1450","1900","","540"
"NorthMacedon","E","9999","MK","MKD","154","مقدونيا الشمالية","北马其顿","North Macedonia","Macedonia del Norte","Macédoine du Nord","Северная Македония","جمهورية مقدونيا الشمالية","北马其顿共和国","the Republic of North Macedonia","la República de Macedonia del Norte","la République de Macédoine du Nord","Республика Северная Македония","1523","1992","MKD","807"
"Vanuatu","E","9999","VU","VUT","155","فانواتو","瓦努阿图","Vanuatu","Vanuatu","Vanuatu","Вануату","جمهوريّة فانواتو","瓦努阿图共和国","the Republic of Vanuatu","la República de Vanuatu","la République du Vanuatu","Республика Вануату","2365","1980","VAN","548"
"New Zealand","E","9999","NZ","NZL","156","نيوزيلندا","新西兰","New Zealand","Nueva Zelandia","Nouvelle-Zélande","Новая Зеландия","نيوزيلندا","新西兰","New Zealand","Nueva Zelandia","la Nouvelle-Zélande","Новая Зеландия","1470","1900","NZE","554"
"Nicaragua","S","9999","NI","NIC","157","نيكاراغوا","尼加拉瓜","Nicaragua","Nicaragua","Nicaragua","Никарагуа","جمهوريّة نيكاراغوا","尼加拉瓜共和国","the Republic of Nicaragua","la República de Nicaragua","la République du Nicaragua","Республика Никарагуа","1480","1900","NIC","558"
"Niger","F","9999","NE","NER","158","النيجر","尼日尔","Niger","Níger","Niger","Нигер","جمهوريّة النيجر","尼日尔共和国","the Republic of the Niger","la República del Níger","la République du Niger","Республика Нигер","1490","1958","NER","562"
"Nigeria","E","9999","NG","NGA","159","نيجيريا","尼日利亚","Nigeria","Nigeria","Nigéria","Нигерия","جمهوريّة نيجيريا الاتحادية","尼日利亚联邦共和国","the Federal Republic of Nigeria","la República Federal de Nigeria","la République fédérale du Nigéria","Федеративная Республика Нигерия","1500","1960","NIR","566"
"Niue","E","9999","NU","NIU","160","نيوي","纽埃","Niue","Niue","Nioué","Ниуэ","نيوي","纽埃","Niue","Niue","Nioué","Ниуэ","1510","1994","NIU","570"
"Norfolk Is","E","9999","NF","NFK","161","جزيرة نورفولك","诺福克岛","Norfolk Island","Isla Norfolk","Île Norfolk","остров Норфолк","جزيرة نورفولك - مناطق تابعة لجزيرة نورفولك","诺福克岛领地","Territory of Norfolk Island","Isla Norfolk","Île Norfolk","остров Норфолк","1520","1900","","574"
"Norway","E","9999","NO","NOR","162","النرويج","挪威","Norway","Noruega","Norvège","Норвегия","مملكة النرويج","挪威王国","the Kingdom of Norway","el Reino de Noruega","le Royaume de Norvège","Королевство Норвегия","1530","1900","NOR","578"
"N Marianas","E","9999","MP","MNP","163","جزر ماريانا الشمالية","北马里亚纳群岛","Northern Mariana Is.","Islas Marianas del Norte","Îles Mariannes du Nord","Северные Марианские острова","كومنولث جزر ماريانا الشمالية","北马里亚纳群岛","the Commonwealth of the Northern Mariana Islands","Mancomunidad de las Islas Marianas del Norte","Commonwealth des Îles Mariannes du Nord","Содружество Северных Марианских островов","1525","1900","","580"
"Pacific Is","E","1990","","","164","","","Pacific Islands Trust Tr","Pacifico, Islas del","Pacifique, Îles du","","","","Pacific Islands Trust Territory","Territorio de las Islas del Pacífico","Territoire des Îles du Pacifique","","","1900","","582"
"Pakistan","E","9999","PK","PAK","165","باكستان","巴基斯坦","Pakistan","Pakistán","Pakistan","Пакистан","جمهوريّة باكستان الإسلاميّة","巴基斯坦伊斯兰共和国","the Islamic Republic of Pakistan","la República Islámica del Pakistán","la République islamique du Pakistan","Исламская Республика Пакистан","1560","1947","PAK","586"
"Panama","S","9999","PA","PAN","166","بنما","巴拿马","Panama","Panamá","Panama","Панама","جمهوريّة بنما","巴拿马共和国","the Republic of Panama","la República de Panamá","la République du Panama","Республика Панама","1570","1900","PAN","591"
"Czechia","E","9999","CZ","CZE","167","تشيكيا","捷克","Czechia","Chequia","Tchéquie","Чехия","الجمهوريّة التشيكيّة","捷克共和国","the Czech Republic","la República Checa","la République tchèque","Чешская Республика","515","1993","CEH","203"
"Papua N Guin","E","9999","PG","PNG","168","بابوا غينيا الجديدة","巴布亚新几内亚","Papua New Guinea","Papua Nueva Guinea","Papouasie-Nlle-Guinée","Папуа – Новая Гвинея","دولة بابوا غينيا الجديدة المستقلة","巴布亚新几内亚独立国","Independent State of Papua New Guinea","Estado Independiente de Papua Nueva Guinea","État indépendant de Papouasie-Nouvelle-Guinée","Независимое государство Папуа – Новая Гвинея","1590","1949","PNG","598"
"Paraguay","S","9999","PY","PRY","169","باراغواي","巴拉圭","Paraguay","Paraguay","Paraguay","Парагвай","جمهوريّة باراغواي","巴拉圭共和国","the Republic of Paraguay","la República del Paraguay","la République du Paraguay","Республика Парагвай","1600","1900","PAR","600"
"Peru","S","9999","PE","PER","170","بيرو","秘鲁","Peru","Perú","Pérou","Перу","جمهوريّة بيرو","秘鲁共和国","the Republic of Peru","la República del Perú","la République du Pérou","Республика Перу","1610","1900","PER","604"
"Philippines","E","9999","PH","PHL","171","الفلبين","菲律宾","Philippines","Filipinas","Philippines","Филиппины","جمهوريّة الفلبين","菲律宾共和国","the Republic of the Philippines","la República de Filipinas","la République des Philippines","Республика Филиппины","1620","1900","PHI","608"
"Pitcairn","E","9999","PN","PCN","172","بيتكيرن","皮特克恩","Pitcairn","Pitcairn","Pitcairn","Питкэрн","بيتكيرن","皮特克恩","Pitcairn","Pitcairn","Pitcairn","Питкэрн","1630","1900","","612"
"Poland","E","9999","PL","POL","173","بولندا","波兰","Poland","Polonia","Pologne","Польша","جمهوريّة بولندا","波兰共和国","the Republic of Poland","la República de Polonia","la République de Pologne","Республика Польша","1640","1900","POL","616"
"Portugal","E","9999","PT","PRT","174","البرتغال","葡萄牙","Portugal","Portugal","Portugal","Португалия","جمهوريّة البرتغال","葡萄牙共和国","the Portuguese Republic","la República Portuguesa","la République portugaise","Португальская Республика","1650","1900","POR","620"
"GuineaBissau","F","9999","GW","GNB","175","غينيا - بيساو","几内亚比绍","Guinea-Bissau","Guinea-Bissau","Guinée-Bissau","Гвинея-Бисау","جمهورية غينيا - بيساو","几内亚比绍共和国","the Republic of Guinea-Bissau","la República de Guinea-Bissau","la République de Guinée-Bissau","Республика Гвинея-Бисау","870","1973","GBS","624"
"Timor-Leste","E","9999","TL","TLS","176","تيمور - ليشتي","东帝汶","Timor-Leste","Timor-Leste","Timor-Leste","Тимор-Лешти","جمهوريّة تيمور - ليشتي الديمقراطيّة","东帝汶民主共和国","the Democratic Republic of Timor-Leste","la República Democrática de Timor-Leste","la République démocratique du Timor-Leste","Демократическая Республика Тимор-Лешти","1995","1975","TIM","626"
"Puerto Rico","E","9999","PR","PRI","177","بورتوريكو","波多黎各","Puerto Rico","Puerto Rico","Porto Rico","Пуэрто-Рико","كومنولث بورتوريكو","波多黎各自由联邦","the Commonwealth of Puerto Rico","el Estado Libre Asociado de Puerto Rico","l'État libre associé de Porto Rico","Содружество Пуэрто-Рико","1660","1900","","630"
"Eritrea","E","9999","ER","ERI","178","إريتريا","厄立特里亚","Eritrea","Eritrea","Érythrée","Эритрея","دولة إريتريا","厄立特里亚国","the State of Eritrea","el Estado de Eritrea","l'État d'Érythrée","Государство Эритрея","615","1993","ERI","232"
"Qatar","E","9999","QA","QAT","179","قطر","卡塔尔","Qatar","Qatar","Qatar","Катар","دولة قطر","卡塔尔国","the State of Qatar","el Estado de Qatar","l'État du Qatar","Государство Катар","1670","1971","QAT","634"
"Palau","E","9999","PW","PLW","180","بالاو","帕劳","Palau","Palau","Palaos","Палау","جمهوريّة بالاو","帕劳共和国","the Republic of Palau","la República de Palau","la République des Palaos","Республика Палау","1565","1979","TTP","585"
"Zimbabwe","E","9999","ZW","ZWE","181","زمبابوي","津巴布韦","Zimbabwe","Zimbabwe","Zimbabwe","Зимбабве","جمهوريّة زمبابوي","津巴布韦共和国","the Republic of Zimbabwe","la República de Zimbabwe","la République du Zimbabwe","Республика Зимбабве","2480","1965","ZIM","716"
"Réunion","F","9999","RE","REU","182","رييونيون","留尼汪","Réunion","Reunión","Réunion","Реюньон","رييونيون","留尼汪","Réunion","Reunión","la Réunion","Реюньон","1680","1900","","638"
"Romania","E","9999","RO","ROU","183","رومانيا","罗马尼亚","Romania","Rumania","Roumanie","Румыния","رومانيا","罗马尼亚","Romania","Rumania","la Roumanie","Румыния","1690","1900","ROM","642"
"Rwanda","E","9999","RW","RWA","184","رواندا","卢旺达","Rwanda","Rwanda","Rwanda","Руанда","جمهوريّة رواندا","卢旺达共和国","the Republic of Rwanda","la República de Rwanda","la République du Rwanda","Республика Руанда","1700","1962","RWA","646"
"Russian Fed","E","9999","RU","RUS","185","الاتحاد الروسي","俄罗斯联邦","Russian Federation","Federación de Rusia","Fédération de Russie","Российская Федерация","الاتحاد الروسي","俄罗斯联邦","the Russian Federation","la Federación de Rusia","la Fédération de Russie","Российская Федерация","1695","1992","RUS","643"
"Serbia-Monte","E","2005","CS","SCG","186","","","Serbia and Montenegro","Serbia y Montenegro","Serbie-et-Monténégro","","","","Serbia and Montenegro","Serbia y Montenegro","Serbie-et-Monténégro","","1805","1992","SCG","891"
"St Helena","E","9999","SH","SHN","187","سانت هيلانة وأسنسيون وتريستان دا كونا","阿森松、圣赫勒拿和特⾥斯坦-达库尼亚","Saint Helena/Asc./Trist.","Santa Elena/Asc./Trist.","Sainte-Hélène/Asc./Tris.","острова Вознесения, Святой Елены и Тристан-да-Кунья","سانت هيلانة وأسنسيون وتريستان دا كونا","阿森松、圣赫勒拿和特⾥斯坦-达库尼亚","Ascension, Saint Helena and Tristan da Cunha","Ascensión, Santa Elena y Tristán de Acuña","Ascension, Sainte-Hélène et Tristan da Cunha","острова Вознесения, Святой Елены и Тристан-да-Кунья","1710","1900","","654"
"St Kitts Nev","E","9999","KN","KNA","188","سانت كيتس ونيفيس","圣圣基茨和尼维斯","Saint Kitts and Nevis","Saint Kitts y Nevis","Saint-Kitts-et-Nevis","Сент-Китс и Невис","سانت كيتس ونيفيس","圣基茨和尼维斯","Saint Kitts and Nevis","Saint Kitts y Nevis","Saint-Kitts-et-Nevis","Сент-Китс и Невис","1720","1983","STK","659"
"St Lucia","E","9999","LC","LCA","189","سانت لوسيا","圣卢西亚","Saint Lucia","Santa Lucía","Sainte-Lucie","Сент-Люсия","سانت لوسيا","圣卢西亚","Saint Lucia","Santa Lucía","Sainte-Lucie","Сент-Люсия","1730","1979","STL","662"
"St Pier Mq","F","9999","PM","SPM","190","سان بيير وميكلون","圣皮埃尔和密克隆","St. Pierre and Miquelon","San Pedro y Miquelón","Saint-Pierre-et-Miquelon","Сен-Пьер и Микелон","سان بيير وميكلون","圣皮埃尔和密克隆","Saint Pierre and Miquelon","San Pedro y Miquelón","Saint-Pierre-et-Miquelon","Сен-Пьер и Микелон","1740","1900","","666"
"St Vincent","E","9999","VC","VCT","191","سانت فنسنت وجزر غرينادين","圣文森特和格林纳丁斯","Saint Vincent/Grenadines","San Vicente/Grenadinas","Saint-Vincent/Grenadines","Сент-Винсент и Гренадины","سانت فنسنت وجزر غرينادين","圣文森特和格林纳丁斯","Saint Vincent and the Grenadines","San Vicente y las Granadinas","Saint-Vincent-et-les Grenadines","Сент-Винсент и Гренадины","1750","1979","STV","670"
"San Marino","E","9999","SM","SMR","192","سان مارينو","圣马力诺","San Marino","San Marino","Saint-Marin","Сан-Марино","جمهوريّة سان مارينو","圣圣马力诺共和国","the Republic of San Marino","la República de San Marino","la République de Saint-Marin","Республика Сан-Марино","1770","1900","SNM","674"
"Sao Tome Prn","F","9999","ST","STP","193","سان تومي وبرنسيبي","圣多美和普林西比","Sao Tome and Principe","Santo Tomé y Príncipe","Sao Tomé-et-Principe","Сан-Томе и Принсипи","جمهوريّة سان تومي وبرنسيبي الديمقراطية","圣多美和普林西比民主共和国","the Democratic Republic of Sao Tome and Principe","la República Democrática de Santo Tomé y Príncipe","la République démocratique de Sao Tomé-et-Principe","Демократическая Республика Сан-Томе и Принсипи","1780","1975","STP","678"
"Saudi Arabia","E","9999","SA","SAU","194","المملكة العربيّة السعوديّة","沙特阿拉伯","Saudi Arabia","Arabia Saudita","Arabie saoudite","Саудовская Аравия","المملكة العربيّة السعوديّة","沙特阿拉伯王国","the Kingdom of Saudi Arabia","el Reino de Arabia Saudita","le Royaume d'Arabie saoudite","Королевство Саудовская Аравия","1790","1900","SAU","682"
"Senegal","F","9999","SN","SEN","195","السنغال","塞内加尔","Senegal","Senegal","Sénégal","Сенегал","جمهوريّة السنغال","塞内加尔共和国","the Republic of Senegal","la República del Senegal","la République du Sénégal","Республика Сенегал","1800","1958","SEN","686"
"Seychelles","E","9999","SC","SYC","196","سيشيل","塞舌尔","Seychelles","Seychelles","Seychelles","Сейшельские Острова","جمهوريّة سيشيل","塞舌尔共和国","the Republic of Seychelles","la República de Seychelles","la République des Seychelles","Республика Сейшельские Острова","1810","1976","SEY","690"
"Sierra Leone","E","9999","SL","SLE","197","سيراليون","塞拉利昂","Sierra Leone","Sierra Leona","Sierra Leone","Сьерра-Леоне","جمهوريّة سيراليون","塞拉利昂共和国","the Republic of Sierra Leone","la República de Sierra Leona","la République de Sierra Leone","Республика Сьерра-Леоне","1820","1961","SIL","694"
"Slovenia","E","9999","SI","SVN","198","سلوفينيا","斯洛文尼亚","Slovenia","Eslovenia","Slovénie","Словения","جمهوريّة سلوفينيا","斯洛文尼亚共和国","the Republic of Slovenia","la República de Eslovenia","la République de Slovénie","Республика Словения","1846","1992","SVN","705"
"Slovakia","E","9999","SK","SVK","199","سلوفاكيا","斯洛伐克","Slovakia","Eslovaquia","Slovaquie","Словакия","الجمهوريّة السلوفاكية","斯洛伐克共和国","the Slovak Republic","la República Eslovaca","la République slovaque","Словацкая Республика","1844","1993","SLO","703"
"Singapore","E","9999","SG","SGP","200","سنغافورة","新加坡","Singapore","Singapur","Singapour","Сингапур","جمهوريّة سنغافورة","新加坡共和国","the Republic of Singapore","la República de Singapur","la République de Singapour","Республика Сингапур","1840","1965","SIN","702"
"Somalia","E","9999","SO","SOM","201","الصومال","索马里","Somalia","Somalia","Somalie","Сомали","جمهوريّة الصومال الإتحاديّة","索马里联邦共和国","the Federal Republic of Somalia","la República Federal de Somalia","la République fédérale de Somalie","Федеративная Республика Сомали","1860","1960","SOM","706"
"South Africa","E","9999","ZA","ZAF","202","جنوب أفريقيا","南非","South Africa","Sudáfrica","Afrique du Sud","Южная Африка","جمهوريّة جنوب أفريقيا","南非共和国","the Republic of South Africa","la República de Sudáfrica","la République sud-africaine","Южно-Африканская Республика","1870","1910","SAF","710"
"Spain","S","9999","ES","ESP","203","إسبانيا","西班牙","Spain","España","Espagne","Испания","مملكة إسبانيا","西班牙王国","the Kingdom of Spain","el Reino de España","le Royaume d'Espagne","Королевство Испания","1890","1900","SPA","724"
"Westn Sahara","S","9999","EH","ESH","205","الصحراء الغربيّة","西撒哈拉","Western Sahara","Sáhara Occidental","Sahara occidental","Западная Сахара","الصحراء الغربيّة","西撒哈拉","Western Sahara","Sáhara Occidental","Sahara occidental","Западная Сахара","2420","1900","","732"
"Sudan (frm)","E","2011","","","206","السودان","苏丹","Sudan (former)","Sudán (ex)","Soudan (ex)","Судан","السودان جمهورية","苏丹共和国","the Republic of the Sudan","la República del Sudán","la République du Soudan","Республика Судан","1910","1956","SUD","736"
"Suriname","E","9999","SR","SUR","207","سورينام","苏里南","Suriname","Suriname","Suriname","Суринам","جمهوريّة سورينام","苏里南共和国","the Republic of Suriname","la República de Suriname","la République du Suriname","Республика Суринам","1920","1975","SUR","740"
"Tajikistan","E","9999","TJ","TJK","208","طاجيكستان","塔吉克斯坦","Tajikistan","Tayikistán","Tadjikistan","Таджикистан","جمهوريّة طاجيكستان","塔吉克斯坦共和国","the Republic of Tajikistan","la República de Tayikistán","la République du Tadjikistan","Республика Таджикистан","1975","1992","TAJ","762"
"Eswatini","E","9999","SZ","SWZ","209","إسواتيني","斯威士兰","Eswatini","Eswatini","Eswatini","Эсватини","مملكة إسواتيني","斯威士兰王国","the Kingdom of Eswatini","el Reino de Eswatini","le Royaume d’Eswatini","Королевство Эсватини","619","1968","SWA","748"
"Sweden","E","9999","SE","SWE","210","السويد","瑞典","Sweden","Suecia","Suède","Швеция","مملكة السويد","瑞典王国","the Kingdom of Sweden","el Reino de Suecia","le Royaume de Suède","Королевство Швеция","1950","1900","SWE","752"
"Switzerland","F","9999","CH","CHE","211","سويسرا","瑞士","Switzerland","Suiza","Suisse","Швейцария","الاتحاد السويسري","瑞士联邦","the Swiss Confederation","la Confederación Suiza","la Confédération suisse","Швейцарская Конфедерация","1960","1900","SWI","756"
"Syria","E","9999","SY","SYR","212","الجمهوريّة العربيّة السوريّة","阿拉伯叙利亚共和国","Syrian Arab Republic","República Árabe Siria","Rép. arabe syrienne","Сирийская Арабская Республика","الجمهوريّة العربيّة السوريّة","阿拉伯叙利亚共和国","the Syrian Arab Republic","la República Árabe Siria","la République arabe syrienne","Сирийская Арабская Республика","1970","1920","SYR","760"
"Turkmenistan","E","9999","TM","TKM","213","تركمانستان","土库曼斯坦","Turkmenistan","Turkmenistán","Turkménistan","Туркменистан","تركمانستان","土库曼斯坦","Turkmenistan","Turkmenistán","le Turkménistan","Туркменистан","2055","1992","TUK","795"
"China,Taiwan","E","9999","TW","TWN","214","مقاطعة تايوان الصينية","中国台湾省","Taiwan Province of China","Prov. china de Taiwán","Prov. chinoise de Taïwan","китайская провинция Тайвань","مقاطعة تايوان الصينية","中国台湾省","Taiwan Province of China","Provincia china de Taiwán","Province chinoise de Taïwan","китайская провинция Тайвань","425","1900","","158"
"Tanzania","E","9999","TZ","TZA","215","جمهوريّة تنزانيا المتحدة","坦桑尼亚联合共和国","Tanzania, United Rep. of","Rep. Unida de Tanzanía","Rép.-Unie de Tanzanie","Объединенная Республика Танзания","جمهوريّة تنزانيا المتحدة","坦桑尼亚联合共和国","the United Republic of Tanzania","la República Unida de Tanzanía","la République-Unie de Tanzanie","Объединенная Республика Танзания","1980","1961","URT","834"
"Thailand","E","9999","TH","THA","216","تايلند","泰国","Thailand","Tailandia","Thaïlande","Таиланд","مملكة تايلند","泰王国","the Kingdom of Thailand","el Reino de Tailandia","le Royaume de Thaïlande","Королевство Таиланд","1990","1900","THA","764"
"Togo","F","9999","TG","TGO","217","توغو","多哥","Togo","Togo","Togo","Того","جمهوريّة توغو","多哥共和国","the Togolese Republic","la República Togolesa","la République togolaise","Тоголезская Республика","2000","1960","TOG","768"
"Tokelau","E","9999","TK","TKL","218","توكيلاو","托克劳","Tokelau","Tokelau","Tokélaou","Токелау","توكيلاو","托克劳","Tokelau","Tokelau","les Tokélaou","Токелау","2010","1900","","772"
"Tonga","E","9999","TO","TON","219","تونغا","汤加","Tonga","Tonga","Tonga","Тонга","مملكة تونغا","汤加王国","the Kingdom of Tonga","el Reino de Tonga","le Royaume des Tonga","Королевство Тонга","2020","1970","TON","776"
"Trinidad Tob","E","9999","TT","TTO","220","ترينيداد وتوباغو","特立尼达和多巴哥","Trinidad and Tobago","Trinidad y Tabago","Trinité-et-Tobago","Тринидад и Тобаго","جمهوريّة ترينيداد وتوباغو","特立尼达和多巴哥共和国","the Republic of Trinidad and Tobago","la República de Trinidad y Tabago","la République de Trinité-et-Tobago","Республика Тринидад и Тобаго","2030","1962","TRI","780"
"Oman","E","9999","OM","OMN","221","عمان","阿曼","Oman","Omán","Oman","Оман","سلطنة عمان","阿曼苏丹国","the Sultanate of Oman","la Sultanía de Omán","le Sultanat d'Oman","Султанат Оман","1540","1900","OMA","512"
"Tunisia","F","9999","TN","TUN","222","تونس","突尼斯","Tunisia","Túnez","Tunisie","Тунис","الجمهوريّة التونسية","突尼斯共和国","the Republic of Tunisia","la República de Túnez","la République tunisienne","Тунисская Республика","2040","1956","TUN","788"
"Türkiye","E","9999","TR","TUR","223","تركيا","土耳其","Türkiye","Türkiye","Türkiye","Турция","الجمهوريّة التركية","土耳其共和国","the Republic of Türkiye","la República de Türkiye","la République de Türkiye","Турецкая Республика","2050","1923","TUR","792"
"Turks Caicos","E","9999","TC","TCA","224","جزر تركس وكايكوس","特克斯和凯科斯群岛","Turks and Caicos Is.","Islas Turcas y Caicos","Îles Turques-et-Caïques","острова Тёркс и Кайкос","جزر تركس وكايكوس","特克斯和凯科斯群岛","the Turks and Caicos Islands","las Islas Turcas y Caicos","les Îles Turques-et-Caïques","острова Тёркс и Кайкос","2060","1900","TCI","796"
"Untd Arab Em","E","9999","AE","ARE","225","الإمارات العربيّة المتحدة","阿拉伯联合酋长国","United Arab Emirates","Emiratos Árabes Unidos","Émirats arabes unis","Объединенные Арабские Эмираты","الإمارات العربيّة المتحدة","阿拉伯联合酋长国","the United Arab Emirates","los Emiratos Árabes Unidos","les Émirats arabes unis","Объединенные Арабские Эмираты","2250","1971","UAE","784"
"Uganda","E","9999","UG","UGA","226","أوغندا","乌干达","Uganda","Uganda","Ouganda","Уганда","جمهوريّة أوغندا","乌干达共和国","the Republic of Uganda","la República de Uganda","la République de l'Ouganda","Республика Уганда","2080","1962","UGA","800"
"Tuvalu","E","9999","TV","TUV","227","توفالو","图瓦卢","Tuvalu","Tuvalu","Tuvalu","Тувалу","توفالو","图瓦卢","Tuvalu","Tuvalu","les Tuvalu","Тувалу","2070","1978","TUV","798"
"USSR","E","1991","SU","SUN","228","","","Un. Sov. Soc. Rep.","Unión de Rep.Soc.Sov.","Union des Rép.soc.sov.","","","","Union of Soviet Socialist Republics","Unión de Rep.Soc.Sov.","Union des Républiques socialistes soviétiques","","2090","1900","","810"
"UK","E","9999","GB","GBR","229","المملكة المتحدة لبريطانيا العظمى وآيرلندا الشمالية","大不列颠及北爱尔兰联合王国","United Kingdom","Reino Unido","Royaume-Uni","Соединенное Королевство Великобритании и Северной Ирландии","المملكة المتحدة لبريطانيا العظمى وآيرلندا الشمالية","大不列颠及北爱尔兰联合王国","the United Kingdom of Great Britain and Northern Ireland","el Reino Unido (de Gran Bretaña e Irlanda del Norte)","le Royaume-Uni de Grande-Bretagne et d'Irlande du Nord","Соединенное Королевство Великобритании и Северной Ирландии","2260","1900","UKM","826"
"Ukraine","E","9999","UA","UKR","230","أوكرانيا","乌克兰","Ukraine","Ucrania","Ukraine","Украина","أوكرانيا","乌克兰","Ukraine","Ucrania","l'Ukraine","Украина","2085","1992","UKR","804"
"USA","E","9999","US","USA","231","الولايات المتحدة الأمريكيّة","美利坚合众国","United States of America","Estados Unidos deAmérica","États-Unis d'Amérique","Соединенные Штаты Америки","الولايات المتحدة الأمريكيّة","美利坚合众国","the United States of America","los Estados Unidos de América","les États-Unis d'Amérique","Соединенные Штаты Америки","2320","1900","USA","840"
"US Minor Is","E","9999","UM","UMI","232","جزر الولايات المتحدة الصغرى","美国小离岛","US Minor Outlying Is.","Islas menores alejadasEU","Îl. mineures eloignéesEU","Внешние малые острова Соединенных Штатов Америки","جزر الولايات المتحدة الصغرى","美国小离岛","the United States Minor Outlying Islands","las Islas menores alejadas de los Estados Unidos","les Îles mineures éloignées des États-Unis","Внешние малые острова Соединенных Штатов Америки","2330","1986","","581"
"Burkina Faso","F","9999","BF","BFA","233","بوركينا فاسو","布基纳法索","Burkina Faso","Burkina Faso","Burkina Faso","Буркина-Фасо","بوركينا فاسو","布基纳法索","Burkina Faso","Burkina Faso","le Burkina Faso","Буркина-Фасо","285","1960","BKF","854"
"Uruguay","S","9999","UY","URY","234","أوروغواي","乌拉圭","Uruguay","Uruguay","Uruguay","Уругвай","جمهوريّة أوروغواي الشرقيّة","乌拉圭东岸共和国","the Eastern Republic of Uruguay","la República Oriental del Uruguay","la République orientale de l'Uruguay","Восточная Республика Уругвай","2360","1900","URU","858"
"Uzbekistan","E","9999","UZ","UZB","235","أوزبكستان","乌兹别克斯坦","Uzbekistan","Uzbekistán","Ouzbékistan","Узбекистан","جمهوريّة أوزبكستان","乌兹别克斯坦共和国","the Republic of Uzbekistan","la República de Uzbekistán","la République d'Ouzbékistan","Республика Узбекистан","2363","1992","UZB","860"
"Venezuela","S","9999","VE","VEN","236","فنزويلا (الجمهوريّة - البوليفاريّة)","委内瑞拉","Venezuela (Boliv Rep of)","Venezuela (Rep Boliv de)","Venezuela (Rép boliv du)","Венесуэла (Боливарианская Республика)","جمهوريّة فنزويلا البوليفاريّة","委内瑞拉玻利瓦尔共和国","the Bolivarian Republic of Venezuela","la República Bolivariana de Venezuela","la République bolivarienne du Venezuela","Боливарианская Республика Венесуэла","2380","1900","VEN","862"
"Viet Nam","E","9999","VN","VNM","237","فييت نام","越南","Viet Nam","Viet Nam","Viet Nam","Вьетнам","جمهوريّة نام فييت الاشتراكية","越南社会主义共和国","the Socialist Republic of Viet Nam","la República Socialista de Viet Nam","la République socialiste du Viet Nam","Социалистическая Республика Вьетнам","2390","1945","VIE","704"
"Ethiopia","E","9999","ET","ETH","238","إثيوبيا","埃塞俄比亚","Ethiopia","Etiopía","Éthiopie","Эфиопия","جمهوريّة إثيوبيا الديمقراطيّة الاتحاديّة","埃塞俄比亚联邦民主共和国","the Federal Democratic Republic of Ethiopia","la República Democrática Federal de Etiopía","la République fédérale démocratique d'Éthiopie","Федеративная Демократическая Республика Эфиопия","620","1993","ETH","231"
"Br Virgin Is","E","9999","VG","VGB","239","جزر فيرجين البريطانيّة","英属维尔京群岛","British Virgin Islands","Islas Vírgenes Britán.","Îles Vierges britanniq.","Британские Виргинские острова","جزر فيرجين البريطانيّة","英属维尔京群岛","the British Virgin Islands","las Islas Vírgenes Británicas","les Îles Vierges britanniques","Британские Виргинские острова","260","1900","","092"
"US Virgin Is","E","9999","VI","VIR","240","جزر فيرجين التابعة للولايات المتحدة","美属维尔京群岛","US Virgin Islands","Islas Vírgenes (EE.UU.)","Îles Vierges américaines","Виргинские острова Соединенных Штатов","جزر فيرجين التابعة للولايات المتحدة","美属维尔京群岛","the United States Virgin Islands","las Islas Vírgenes de los Estados Unidos","les Îles Vierges américaines","Виргинские острова Соединенных Штатов","2350","1900","","850"
"Wake Is","E","1985","WK","WAK","242","جزيرة ويك","威克岛","Wake Island","Isla Wake","Îles Wake","атолл Уэйк","جزيرة ويك","威克岛","Wake Island","Isla Wake","Îles Wake","атолл Уэйк","","1900","","872"
"Wallis Fut I","F","9999","WF","WLF","243","جزر واليس وفوتونا","瓦利斯和富图纳群岛","Wallis and Futuna Is.","Islas Wallis y Futuna","Îles Wallis-et-Futuna","острова Уоллис и Футуна","جزر واليس وفوتونا","瓦利斯和富图纳群岛","the Wallis and Futuna Islands","las Islas Wallis y Futuna","les Îles Wallis-et-Futuna","острова Уоллис и Футуна","2410","1900","","876"
"Samoa","E","9999","WS","WSM","244","ساموا","萨摩亚","Samoa","Samoa","Samoa","Самоа","دولة ساموا المستقلة","萨摩亚独立国","the Independent State of Samoa","el Estado Independiente de Samoa","l'État indépendant du Samoa","Независимое Государство Самоа","1760","1962","SAM","882"
"West Bank","E","1998","","","245","الضفة الغربيّة","西岸","West Bank","Ribera Occidental","Cisjordanie","Западный берег","الضفة الغربيّة","西岸","West Bank","Ribera Occidental","Cisjordanie","Западный берег","","1900","","402"
"Yemen Ar Rp","E","1989","","","246","","","Yemen Arab Republic","Yemen, Republica Araba","Yemen, Rep. Arabe","","","","","","","","","1900","","886"
"Yemen Dem","E","1989","","","247","","","Yemen, Democratic","Yemen Democratico","Yemen Democratique","","","","","","","","","1900","","720"
"Yugoslav SFR","E","1991","YU","YUG","248","جمهورية صربيا","塞尔维亚","Yugoslavia SFR","RFS de Yugoslavia","RFS de Yougoslavie","Сербия","جمهورية صربيا","塞尔维亚","Socialist Federal Republic of Yugoslavia","RFS de Yugoslavia","République socialiste fédérative de Yougoslavie","Сербия","2453","1900","","890"
"Yemen","E","9999","YE","YEM","249","اليمن","也门","Yemen","Yemen","Yémen","Йемен","الجمهوريّة اليمنيّة","也门共和国","the Republic of Yemen","la República del Yemen","la République du Yémen","Йеменская Республика","2430","1990","YEM","887"
"Congo Dem R","F","9999","CD","COD","250","جمهوريّة الكونغو الديمقراطية","刚果民主共和国","Congo, Dem. Rep. of the","Rep. Dem. del Congo","Rép. dém. du Congo","Демократическая Республика Конго","جمهوريّة الكونغو الديمقراطية","刚果民主共和国","the Democratic Republic of the Congo","la República Democrática del Congo","la République démocratique du Congo","Демократическая Республика Конго","465","1960","ZAI","180"
"Zambia","E","9999","ZM","ZMB","251","زامبيا","赞比亚","Zambia","Zambia","Zambie","Замбия","جمهوريّة زامبيا","赞比亚共和国","the Republic of Zambia","la República de Zambia","la République de Zambie","Республика Замбия","2470","1964","ZAM","894"
"Other nei","E","9999","","","252","","","Other nei","Otros nep","Autres nca","","","","Other nei","Otros nep","Autres nca","","2510","1900","","896"
"Belgium","E","9999","BE","BEL","255","بلجيكا","比利时","Belgium","Bélgica","Belgique","Бельгия","مملكة بلجيكا","比利时王国","the Kingdom of Belgium","el Reino de Bélgica","le Royaume de Belgique","Королевство Бельгия","150","1900","BEL","056"
"Luxembourg","F","9999","LU","LUX","256","لكسمبرغ","卢森堡","Luxembourg","Luxemburgo","Luxembourg","Люксембург","دوقية لكسمبرغ الكبرى","卢森堡大公国","the Grand Duchy of Luxembourg","el Gran Ducado de Luxemburgo","le Grand-Duché de Luxembourg","Великое Герцогство Люксембург","1180","1900","LUX","442"
"Anguilla","E","9999","AI","AIA","258","أنغويلا","安圭拉","Anguilla","Anguila","Anguilla","Ангилья","أنغويلا","安圭拉","Anguilla","Anguila","Anguilla","Ангилья","65","1900","","660"
"Channel Is","E","9999","","","259","جزر شانيل","海峡群岛","Channel Islands","Islas Anglonormandas","Îles Anglo-Normandes","Нормандские острова","جزر شانيل","海峡群岛","the Channel Islands","las Islas Anglonormandas","les Îles Anglo-Normandes","Нормандские острова","405","1900","","830"
"Svalbard Is","E","9999","SJ","SJM","260","جزر سفالبارد وجان مايين","斯瓦尔巴和扬马延群岛","Svalbard and Jan Mayen","Islas Svalbard/Jan Mayen","Îles Svalbard/Jan Mayen","острова Свальбард и Ян-Майен","جزر سفالبارد وجان مايين","斯瓦尔巴和扬马延群岛","Svalbard and Jan Mayen Islands","las Islas Svalbard y Jan Mayen","les Îles Svalbard-et-Jan Mayen","острова Свальбард и Ян-Майен","1930","1900","","744"
"Isle of Man","E","9999","IM","IMN","264","جزيرة مان","马恩岛","Isle of Man","Isla de Man","Île de Man","остров Мэн","جزيرة مان","马恩岛","Isle of Man","la Isla de Man","l'Île de Man","остров Мэн","995","1900","","833"
"Mayotte","F","9999","YT","MYT","270","مايوت","马约特","Mayotte","Mayotte","Mayotte","Майотта","مايوت","马约特","Mayotte","Mayotte","Mayotte","Майотта","1316","1975","","175"
"SouthGeorgia","E","9999","GS","SGS","271","جزر جنوب جورجيا وساندويتش","南乔治亚岛和南桑威奇群岛","SouthGeorgia/Sandwich Is","Georgia S.-Is.Sandw.Sur","Géorgie Sud-Îles Sand.S.","остров Южная Георгия и Южные Сандвичевы острова","جزر جنوب جورجيا وساندويتش","南乔治亚岛和南桑威奇群岛","South Georgia and the South Sandwich Islands","Georgia del Sur y las Islas Sandwich del Sur","Géorgie du Sud-et-Îles Sandwich du Sud","остров Южная Георгия и Южные Сандвичевы острова","1873","1985","","239"
"Serbia","E","9999","RS","SRB","272","صربيا","塞尔维亚","Serbia","Serbia","Serbie","Сербия","جمهوريّة صربيا","塞尔维亚共和国","the Republic of Serbia","la República de Serbia","la République de Serbie","Республика Сербия","1804","2006","","688"
"Montenegro","E","9999","ME","MNE","273","الجبل الأسود","黑山","Montenegro","Montenegro","Monténégro","Черногория","الجبل الأسود","黑山","Montenegro","Montenegro","le Monténégro","Черногория","1355","2006","","499"
"Zanzibar","E","9999","","EAZ","276","","","Zanzibar","Zanzíbar","Zanzibar","","","","Zanzibar","Zanzibar","Zanzibar","","2475","1963","","836"
"NethAntilles","E","1985","AN","ANT","278","من جزر الأنتيل الهولندية","荷属安的列斯人/属安的列斯人的","Netherlands Antilles","Antillas Neerlandesas","Antilles néerlandaises","(из/ житель) Голландских Антильских островов","من جزر الأنتيل الهولندية","荷属安的列斯人/属安的列斯人的","Netherlands Antilles","Antillas Neerlandesas","les Antilles néerlandaises","(из/ житель) Голландских Антильских островов","1429","1900","NAN","532"
"Åland Is","E","9999","AX","ALA","282","جزر ألاند","奥兰群岛","Åland Islands","Islas Åland","Îles d'Åland","Аландские острова","جزر ألاند","奥兰群岛","the Åland Islands","las Islas Åland","les Îles d'Åland","Аландские острова","18","2003","","248"
"Bonaire/Eust","E","9999","BQ","BES","283","بونير وسان يوستاتيوس وسابا","博纳尔、圣俄斯塔休斯和萨巴","Bonaire/S.Eustatius/Saba","Bonaire/S.Eustaquio/Saba","Bonaire/S.Eustache/Saba","Бонайре, Синт-Эстатиус и Саба","بونير وسان يوستاتيوس وسابا","博纳尔、圣俄斯塔休斯和萨巴","Bonaire, Saint-Eustache et Saba","Bonaire, San Eustaquio y Saba","Bonaire, Sint Eustatius et Saba","Бонайре, Синт-Эстатиус и Саба","204","2010","","535"
"Guernsey","E","9999","GG","GGY","284","غيرنسي","根西","Guernsey","Guernesey","Guernesey","Гернси","إقليم غيرنسي","根西行政区","the Bailiwick of Guernsey","el Bailiazgo de Guernesey","le Bailliage de Guernesey","Гернси","855","1900","","831"
"Jersey","E","9999","JE","JEY","285","جيرسي","泽西","Jersey","Jersey","Jersey","Джерси","جيرسي","泽西行政区","Jersey","Jersey","Jersey","Джерси","1045","1900","","832"
"Curaçao","E","9999","CW","CUW","286","كوراساو","库拉索","Curaçao","Curaçao","Curaçao","Кюрасао","كوراساو","库拉索","Curaçao","Curaçao","Curaçao","Кюрасао","505","2010","","531"
"StBarthélemy","F","9999","BL","BLM","287","سان بارتليمي","圣圣巴泰勒米","Saint Barthélemy","San Bartolomé","Saint-Barthélemy","Сен-Бартелеми","سان بارتليمي","圣巴泰勒米","Saint Barthélemy","San Bartolomé","Saint-Barthélemy","Сен-Бартелеми","1703","2007","","652"
"Saint-Martin","F","9999","MF","MAF","288","سان مارتن - الجزء الفرنسي","圣马丁（法属部分）","Saint-Martin (French)","San Martín (francesa)","Saint-Martin (française)","Сен-Мартен (французская часть)","سان مارتن - الجزء الفرنسي","圣马丁（法属部分）","Saint-Martin (French part)","San Martín (parte francesa)","Saint-Martin (partie française)","Сен-Мартен (французская часть)","1734","2007","","663"
"Sint Maarten","E","9999","SX","SXM","289","سانت مارتن - الجزء الهولندي","圣马丁（荷属部分）","Sint Maarten","Sint Maarten","Sint Maarten","Синт-Мартен (нидерландская часть)","سانت مارتن - الجزء الهولندي","圣马丁（荷属部分）","Sint Maarten (Dutch Part)","Sint Maarten (parte de los Países Bajos)","Sint Maarten (partie néerlandaise)","Синт-Мартен (нидерландская часть)","1842","2010","","534"
"South Sudan","E","9999","SS","SSD","290","جنوب السودان","南苏丹","South Sudan","Sudán del Sur","Soudan du Sud","Южный Судан","جمهوريّة جنوب السودان","南苏丹共和国","the Republic of South Sudan","la República de Sudán del Sur","la République du Soudan du Sud","Республика Южный Судан","1875","2011","","728"
"Sark","E","9999","","","294","سارك","萨克","Sark","Sark","Sercq","Сарк","سارك","萨克","Sark","Sark","Sercq","Сарк","1785","1900","","680"
"Sudan","E","9999","SD","SDN","298","السودان","苏丹","Sudan","Sudán","Soudan","Судан","جمهوريّة السودان","苏丹共和国","the Republic of the Sudan","la República del Sudán","la République du Soudan","Республика Судан","1911","2011","SUD","729"
"Palestine","E","9999","PS","PSE","299","فلسطين","巴勒斯坦","Palestine","Palestina","Palestine","Палестина","فلسطين","巴勒斯坦","Palestine","Palestina","Palestine","Палестина","1568","1900","","275"
"EU","E","9999","EU","EUR","380","الإتحاد الأوروبي","欧洲联盟","European Union","Unión Europea","Union européenne","Европейский союз","الإتحاد الأوروبي","欧洲联盟","European Union","Unión Europea","l'Union européenne","Европейский союз","","1993","","0"
