"UN_Code","Identifier","ISO2_Code","ISO3_Code","Name_En","Name_Fr","Name_Es","Name_Ar","Name_Cn","Name_Ru","Official_Name_En","Official_Name_Fr","Official_Name_Es","Official_Name_Ar","Official_Name_Cn","Official_Name_Ru","Continent_Group","EcoClass_Group","GeoRegion_Group"
"0","380","EU","EUR","European Union","Union Européenne","Unión Europea","","","","The European Union (Member Organization)","Union européenne (Organisation membre)","Unión Europea (Organización Miembro)","","","","","",""
"004","2","AF","AFG","Afghanistan","Afghanistan","Afganistán","أفغانستان","阿富汗伊斯兰共和国","Афганистан","The Islamic Republic of Afghanistan","la République islamique d'Afghanistan","la República Islámica del Afganistán","أفغانستان","阿富汗伊斯兰共和国","Афганистан","Asia","Least Developed Countries","Southern Asia"
"008","3","AL","ALB","Albania","Albanie","Albania","ألبانيا","阿尔巴尼亚共和国","Албания","the Republic of Albania","la République d'Albanie","la República de Albania","ألبانيا","阿尔巴尼亚共和国","Албания","Europe","Developed countries or areas","Southern Europe"
"010","30","AQ","ATA","Antarctica others","Antarctique autres","Antartida otros","","","","Antarctica","Antarctique","Antártida","","","","Antarctica","",""
"012","4","DZ","DZA","Algeria","Algérie","Argelia","الجزائر","阿尔及利亚民主人民共和国","Алжир","the People's Democratic Republic of Algeria","la République algérienne démocratique et populaire","la República Argelina Democrática y Popular","الجزائر","阿尔及利亚民主人民共和国","Алжир","Africa","Other developing countries or areas","Northern Africa"
"016","5","AS","ASM","American Samoa","Samoa américaines","Samoa Americana","الأمريكية ساموا","美属萨摩亚","Американское Самоа","American Samoa","Samoa américaines","Samoa Americana","الأمريكية ساموا","美属萨摩亚","Американское Самоа","Oceania","Other developing countries or areas","Polynesia"
"020","6","AD","AND","Andorra","Andorre","Andorra","أندورا","安道尔","Андорра","the Principality of Andorra","la Principauté d'Andorre","el Principado de Andorra","أندورا","安道尔","Андорра","Europe","Developed countries or areas","Southern Europe"
"024","7","AO","AGO","Angola","Angola","Angola","جمهورية أنغولا","安哥拉","Республика Ангола","the Republic of Angola","la République d'Angola","la República de Angola","جمهورية أنغولا","安哥拉","Республика Ангола","Africa","Least Developed Countries","Middle Africa"
"028","8","AG","ATG","Antigua and Barbuda","Antigua-et-Barbuda","Antigua y Barbuda","أنتيغوا وباربودا","安提瓜和巴布达","Антигуа и Барбуда","Antigua and Barbuda","Antigua-et-Barbuda","Antigua y Barbuda","أنتيغوا وباربودا","安提瓜和巴布达","Антигуа и Барбуда","Americas","Other developing countries or areas","Caribbean"
"031","52","AZ","AZE","Azerbaijan","Azerbaïdjan","Azerbaiyán","الجمهورية الأذربيجانية","阿塞拜疆共和国","Азербайджан","the Republic of Azerbaijan","la République d'Azerbaïdjan","la República de Azerbaiyán","الجمهورية الأذربيجانية","阿塞拜疆共和国","Азербайджан","Asia","Other developing countries or areas","Western Asia"
"032","9","AR","ARG","Argentina","Argentine","Argentina","الأرجنتين","阿根廷","Аргентинская Республика","the Argentine Republic","la République argentine","la República Argentina","الأرجنتين","阿根廷","Аргентинская Республика","Americas","Other developing countries or areas","South America"
"036","10","AU","AUS","Australia","Australie","Australia","أستراليا","澳大利亚","Австралия","Australia","l'Australie","Australia","أستراليا","澳大利亚","Австралия","Oceania","Developed countries or areas","Australia and New Zealand"
"040","11","AT","AUT","Austria","Autriche","Austria","النمسا","奥地利","Австрия","the Republic of Austria","la République d'Autriche","la República de Austria","النمسا","奥地利","Австрия","Europe","Developed countries or areas","Western Europe"
"044","12","BS","BHS","Bahamas","Bahamas","Bahamas","جزر البهاما","巴哈马","Багамские Острова","the Commonwealth of the Bahamas","le Commonwealth des Bahamas","el Commonwealth de las Bahamas","جزر البهاما","巴哈马","Багамские Острова","Americas","Other developing countries or areas","Caribbean"
"048","13","BH","BHR","Bahrain","Bahreïn","Bahrein","البحرين","巴林王国","Бахрейн","the Kingdom of Bahrain","le Royaume de Bahreïn","el Reino de Bahrein","البحرين","巴林王国","Бахрейн","Asia","Other developing countries or areas","Western Asia"
"050","16","BD","BGD","Bangladesh","Bangladesh","Bangladesh","بنغلاديش","孟加拉国","Бангладеш","the People's Republic of Bangladesh","la République populaire du Bangladesh","la República Popular de Bangladesh","بنغلاديش","孟加拉国","Бангладеш","Asia","Least Developed Countries","Southern Asia"
"051","1","AM","ARM","Armenia","Arménie","Armenia","أرمينيا","亚美尼亚","Республика Армения","the Republic of Armenia","la République d'Arménie","la República de Armenia","أرمينيا","亚美尼亚","Республика Армения","Asia","Other developing countries or areas","Western Asia"
"052","14","BB","BRB","Barbados","Barbade","Barbados","بربادوس","巴巴多斯","Барбадос","Barbados","la Barbade","Barbados","بربادوس","巴巴多斯","Барбадос","Americas","Other developing countries or areas","Caribbean"
"056","255","BE","BEL","Belgium","Belgique","Bélgica","بلجيكا","比利时","Бельгия","the Kingdom of Belgium","le Royaume de Belgique","el Reino de Bélgica","بلجيكا","比利时","Бельгия","Europe","Developed countries or areas","Western Europe"
"058","15","","","Belgium-Luxembourg","Belgique-Luxembourg","Belgica-Luxemburgo","","","","","","","","","","Europe","Developed countries or areas","Western Europe"
"060","17","BM","BMU","Bermuda","Bermudes","Bermudas","برمودا","百慕大","Бермудские острова","Bermuda","les Bermudes","Bermudas","برمودا","百慕大","Бермудские острова","Americas","Developed countries or areas","Northern America"
"064","18","BT","BTN","Bhutan","Bhoutan","Bhután","بوتان","不丹王国","Бутан","the Kingdom of Bhutan","le Royaume du Bhoutan","el Reino de Bhután","بوتان","不丹王国","Бутан","Asia","Least Developed Countries","Southern Asia"
"068","19","BO","BOL","Bolivia (Plurinat.State)","Bolivie (État plurinat.)","Bolivia (Estado Plurin.)","بوليفيا (دولة - المتعددة القوميات)","玻利维亚多民族国","Боливия (Многонациональное Государство)","the Plurinational State of Bolivia","l'État plurinational de Bolivie","el Estado Plurinacional de Bolivia","بوليفيا (دولة - المتعددة القوميات)","玻利维亚多民族国","Боливия (Многонациональное Государство)","Americas","Other developing countries or areas","South America"
"070","80","BA","BIH","Bosnia and Herzegovina","Bosnie-Herzégovine","Bosnia y Herzegovina","البوسنة والهرسك","波斯尼亚－黑塞哥维那","Босния и Герцеговина","Bosnia and Herzegovina","la Bosnie-Herzégovine","Bosnia y Herzegovina","البوسنة والهرسك","波斯尼亚－黑塞哥维那","Босния и Герцеговина","Europe","Developed countries or areas","Southern Europe"
"072","20","BW","BWA","Botswana","Botswana","Botswana","بوتسوانا","博茨瓦纳","Ботсвана","the Republic of Botswana","la République du Botswana","la República de Botswana","بوتسوانا","博茨瓦纳","Ботсвана","Africa","Other developing countries or areas","Southern Africa"
"074","31","BV","BVT","Bouvet Island","Île Bouvet","Isla Bouvet","بوفيه جزر","博维特岛","остров Буве","Bouvet Island","Île Bouvet","Isla Bouvet","بوفيه جزر","博维特岛","остров Буве","Americas","Other developing countries or areas","South America"
"076","21","BR","BRA","Brazil","Brésil","Brasil","الجمهورية الاتحادية البرازيلية","巴 西","Бразилия","the Federative Republic of Brazil","la République fédérative du Brésil","la República Federativa del Brasil","الجمهورية الاتحادية البرازيلية","巴 西","Бразилия","Americas","Other developing countries or areas","South America"
"084","23","BZ","BLZ","Belize","Belize","Belice","بليز","伯利兹","Белиз","Belize","le Belize","Belice","بليز","伯利兹","Белиз","Americas","Other developing countries or areas","Central America"
"086","24","IO","IOT","British Indian Ocean Ter","Terr. brit. Océan Indien","Ter. Brit. Océano Índico","الهندي المحيط في البريطانية المناطق","英辖印度洋海域","Британская территория в Индийском океане","British Indian Ocean Territory","Territoire britanique de l'Océan Indien","Territorio Británico del Océano Indico","الهندي المحيط في البريطانية المناطق","英辖印度洋海域","Британская территория в Индийском океане","Africa","Other developing countries or areas","Eastern Africa"
"090","25","SB","SLB","Solomon Islands","Îles Salomon","Islas Salomón","جزر سليمان","所罗门群岛","Соломоновы Острова","Solomon Islands","les Îles Salomon","las Islas Salomón","جزر سليمان","所罗门群岛","Соломоновы Острова","Oceania","Least Developed Countries","Melanesia"
"092","239","VG","VGB","British Virgin Islands","Îles Vierges britanniq.","Islas Vírgenes Britán.","البريطانية فيرجين جزر","英属维尔京群岛","Британские Виргинские острова","British Virgin Islands","Îles Vierges britanniques","Islas Vírgenes Británicas","البريطانية فيرجين جزر","英属维尔京群岛","Британские Виргинские острова","Americas","Other developing countries or areas","Caribbean"
"096","26","BN","BRN","Brunei Darussalam","Brunéi Darussalam","Brunei Darussalam","السلام دار بروني","文莱达鲁萨兰国","Бруней-Даруссалам","Brunei Darussalam","le Brunéi Darussalam","Brunei Darussalam","السلام دار بروني","文莱达鲁萨兰国","Бруней-Даруссалам","Asia","Other developing countries or areas","South-Eastern Asia"
"097","275","","","European Union (15)","Union Européenne (15)","Unión Europea (15)","","","","","","","","","","","",""
"100","27","BG","BGR","Bulgaria","Bulgarie","Bulgaria","جمهورية بلغاريا","保加利亚","Болгария","the Republic of Bulgaria","la République de Bulgarie","la República de Bulgaria","جمهورية بلغاريا","保加利亚","Болгария","Europe","Developed countries or areas","Eastern Europe"
"104","28","MM","MMR","Myanmar","Myanmar","Myanmar","جمهورية اتحاد ميانمار","缅甸联邦共和国","Республика Союз Мьянма","the Republic of the Union of Myanmar","République de l'Union du Myanmar","la República de la Unión de Myanmar","جمهورية اتحاد ميانمار","缅甸联邦共和国","Республика Союз Мьянма","Asia","Least Developed Countries","South-Eastern Asia"
"108","29","BI","BDI","Burundi","Burundi","Burundi","بوروندي","布隆迪","Бурунди","the Republic of Burundi","la République du Burundi","la República de Burundi","بوروندي","布隆迪","Бурунди","Africa","Least Developed Countries","Eastern Africa"
"112","57","BY","BLR","Belarus","Bélarus","Belarús","جمهورية بيلاروس","白俄罗斯","Беларусь","the Republic of Belarus","la République du Bélarus","la República de Belarús","جمهورية بيلاروس","白俄罗斯","Беларусь","Europe","Developed countries or areas","Eastern Europe"
"116","115","KH","KHM","Cambodia","Cambodge","Camboya","كمبوديا","柬埔寨","Камбоджа","the Kingdom of Cambodia","le Royaume du Cambodge","el Reino de Camboya","كمبوديا","柬埔寨","Камбоджа","Asia","Least Developed Countries","South-Eastern Asia"
"120","32","CM","CMR","Cameroon","Cameroun","Camerún","جمهورية الكاميرون","喀麦隆","Камерун","the Republic of Cameroon","la République du Cameroun","la República del Camerún","جمهورية الكاميرون","喀麦隆","Камерун","Africa","Other developing countries or areas","Middle Africa"
"124","33","CA","CAN","Canada","Canada","Canadá","كندا","加拿大","Канада","Canada","le Canada","el Canadá","كندا","加拿大","Канада","Americas","Developed countries or areas","Northern America"
"128","34","","","Canton and Enderbury Is","Canton et Enderbury, Îl","Canton y Enderbury, Is","","","","","","","","","","","",""
"132","35","CV","CPV","Cabo Verde","Cabo Verde","Cabo Verde","الأخضر الرأس","佛得角","Кабо-Верде","Republic of Cabo Verde","la République de Cabo Verde","la República de Cabo Verde","الأخضر الرأس جمهورية","佛得角共和国"," Республика Кабо-Верде","Africa","Other developing countries or areas","Western Africa"
"136","36","KY","CYM","Cayman Islands","Îles Caïmanes","Islas Caimán","كايمان جزر","开曼群岛","Каймановы острова","Cayman Islands","les Îles Caïmanes","Islas Caimán","كايمان جزر","开曼群岛","Каймановы острова","Americas","Other developing countries or areas","Caribbean"
"140","37","CF","CAF","Central African Republic","Rép. centrafricaine","República Centroafricana","جمهورية أفريقيا الوسطى","中非共和国","Центральноафриканская Республика","the Central African Republic","la République centrafricaine","la República Centroafricana","جمهورية أفريقيا الوسطى","中非共和国","Центральноафриканская Республика","Africa","Least Developed Countries","Middle Africa"
"144","38","LK","LKA","Sri Lanka","Sri Lanka","Sri Lanka","سري لانكا","斯里兰卡","Шри-Ланка","the Democratic Socialist Republic of Sri Lanka","la République socialiste démocratique de Sri Lanka","la República Socialista Democrática de Sri Lanka","سري لانكا","斯里兰卡","Шри-Ланка","Asia","Other developing countries or areas","Southern Asia"
"148","39","TD","TCD","Chad","Tchad","Chad","جمهورية تشاد","乍 得","Чад","the Republic of Chad","la République du Tchad","la República del Chad","جمهورية تشاد","乍 得","Чад","Africa","Least Developed Countries","Middle Africa"
"152","40","CL","CHL","Chile","Chili","Chile","جمهورية شيلى","智利共和国","Республика Чили","the Republic of Chile","la République du Chili","la República de Chile","جمهورية شيلى","智利共和国","Республика Чили","Americas","Other developing countries or areas","South America"
"156","41","CN","CHN","China","Chine","China","الصين","中华人民共和国","Китай","the People's Republic of China","la République populaire de Chine","la República Popular China","الصين","中华人民共和国","Китай","Asia","Other developing countries or areas","Eastern Asia"
"158","214","TW","TWN","Taiwan Province of China","Prov. chinoise de Taïwan","Prov. china de Taiwán","","","","Taiwan Province of China","Province chinoise de Taïwan","Provincia china de Taiwán","","","","Asia","Other developing countries or areas","Eastern Asia"
"162","42","CX","CXR","Christmas Island","Île Christmas","Isla Christmas","كريسماس جزر","圣诞岛","остров Рождества","Christmas Island","Île Christmas","Isla Christmas","كريسماس جزر","圣诞岛","остров Рождества","Oceania","Developed countries or areas","Australia and New Zealand"
"166","43","CC","CCK","Cocos (Keeling) Islands","Îles des Cocos (Keeling)","Islas Cocos (Keeling)","كيلنغ - كوكوس جزر","可可群岛","Кокосовые острова (Килинг)","Cocos (Keeling) Islands","Îles des Cocos (Keeling)","Islas Cocos (Keeling)","كيلنغ - كوكوس جزر","可可群岛","Кокосовые острова (Килинг)","Oceania","Developed countries or areas","Australia and New Zealand"
"170","44","CO","COL","Colombia","Colombie","Colombia","جمهورية كولومبيا","哥伦比亚","Колумбия","the Republic of Colombia","la République de Colombie","la República de Colombia","جمهورية كولومبيا","哥伦比亚","Колумбия","Americas","Other developing countries or areas","South America"
"174","45","KM","COM","Comoros","Comores","Comoras","جزر القمر","科摩罗","Союз Коморских Островов","the Union of the Comoros","l'Union des Comores","la Unión de las Comoras","جزر القمر","科摩罗","Союз Коморских Островов","Africa","Least Developed Countries","Eastern Africa"
"175","270","YT","MYT","Mayotte","Mayotte","Mayotte","مايوت","马约特岛","Майотта","Mayotte","Mayotte","Mayotte","مايوت","马约特岛","Майотта","Africa","Other developing countries or areas","Eastern Africa"
"178","46","CG","COG","Congo","Congo","Congo","جمهورية الكونغو","刚 果","Республика Конго","the Republic of the Congo","la République du Congo","la República del Congo","جمهورية الكونغو","刚 果","Республика Конго","Africa","Other developing countries or areas","Middle Africa"
"180","250","CD","COD","Congo, Dem. Rep. of the","Rép. dém. du Congo","Rep. Dem. del Congo","جمهورية الكونغو الديمقراطية","刚果民主共和国","Демократическая Республика Конго","the Democratic Republic of the Congo","la République démocratique du Congo","la República Democrática del Congo","جمهورية الكونغو الديمقراطية","刚果民主共和国","Демократическая Республика Конго","Africa","Least Developed Countries","Middle Africa"
"184","47","CK","COK","Cook Islands","Îles Cook","Islas Cook","جزر كوك","库克群岛","Острова Кука","the Cook Islands","les Îles Cook","las Islas Cook","جزر كوك","库克群岛","Острова Кука","Oceania","Other developing countries or areas","Polynesia"
"188","48","CR","CRI","Costa Rica","Costa Rica","Costa Rica","كوستاريكا","哥斯达黎加","Республика Коста-Рика","the Republic of Costa Rica","la République du Costa Rica","la República de Costa Rica","كوستاريكا","哥斯达黎加","Республика Коста-Рика","Americas","Other developing countries or areas","Central America"
"191","98","HR","HRV","Croatia","Croatie","Croacia","كرواتيا","克罗地亚共和国","Хорватия","the Republic of Croatia","la République de Croatie","la República de Croacia","كرواتيا","克罗地亚共和国","Хорватия","Europe","Developed countries or areas","Southern Europe"
"192","49","CU","CUB","Cuba","Cuba","Cuba","جمهورية كوبا","古 巴","Республика Куба","the Republic of Cuba","la République de Cuba","la República de Cuba","جمهورية كوبا","古 巴","Республика Куба","Americas","Other developing countries or areas","Caribbean"
"196","50","CY","CYP","Cyprus","Chypre","Chipre","جمهورية قبرص","塞浦路斯共和国","Кипр","the Republic of Cyprus","la République de Chypre","la República de Chipre","جمهورية قبرص","塞浦路斯共和国","Кипр","Asia","Developed countries or areas","Western Asia"
"200","51","","CSK","Czechoslovakia","Tchécoslovaquie","Checoslovaquia","","","","Czechoslovakia","Tchécoslovaquie","Checoslovaquia","","","","Europe","Developed countries or areas","Eastern Europe"
"203","167","CZ","CZE","Czechia","Chequia","Chequia","التشيك","捷克","Чехия","the Czech Republic","la République tchèque","la República Checa","التشيكية الجمهورية","捷克共和国","Чешская Республика","Europe","Developed countries or areas","Eastern Europe"
"204","53","BJ","BEN","Benin","Bénin","Benin","جمهورية بنن","贝 宁","Республика Бенин","the Republic of Benin","la République du Bénin","la República de Benin","جمهورية بنن","贝 宁","Республика Бенин","Africa","Least Developed Countries","Western Africa"
"208","54","DK","DNK","Denmark","Danemark","Dinamarca","مملكة الدانمرك","丹麦王国","Дания","the Kingdom of Denmark","le Royaume du Danemark","el Reino de Dinamarca","مملكة الدانمرك","丹麦王国","Дания","Europe","Developed countries or areas","Northern Europe"
"212","55","DM","DMA","Dominica","Dominique","Dominica","كمنولث دومينيكا","多米尼克","Доминика","the Commonwealth of Dominica","le Commonwealth de la Dominique","el Commonwealth de Dominica","كمنولث دومينيكا","多米尼克","Доминика","Americas","Other developing countries or areas","Caribbean"
"214","56","DO","DOM","Dominican Republic","République dominicaine","República Dominicana","الجمهورية الدومينيكية","多米尼加共和国","Доминиканская Республика","the Dominican Republic","la République dominicaine","la República Dominicana","الجمهورية الدومينيكية","多米尼加共和国","Доминиканская Республика","Americas","Other developing countries or areas","Caribbean"
"218","58","EC","ECU","Ecuador","Équateur","Ecuador","جمهورية إكوادور","厄瓜多尔共和国","Эквадор","the Republic of Ecuador","la République de l'Équateur","la República del Ecuador","جمهورية إكوادور","厄瓜多尔共和国","Эквадор","Americas","Other developing countries or areas","South America"
"222","60","SV","SLV","El Salvador","El Salvador","El Salvador","السلفادور","萨尔瓦多","Сальвадор","the Republic of El Salvador","la République d'El Salvador","la República de El Salvador","السلفادور","萨尔瓦多","Сальвадор","Americas","Other developing countries or areas","Central America"
"226","61","GQ","GNQ","Equatorial Guinea","Guinée équatoriale","Guinea Ecuatorial","غينيا الاستوائية","赤道几内亚","Экваториальная Гвинея","the Republic of Equatorial Guinea","la République de Guinée équatoriale","la República de Guinea Ecuatorial","غينيا الاستوائية","赤道几内亚","Экваториальная Гвинея","Africa","Other developing countries or areas","Middle Africa"
"230","62","","","Ethiopia PDR","Éthiopie RDP","Etiopía RDP","","","","","","","","","","Africa","Least Developed Countries","Eastern Africa"
"231","238","ET","ETH","Ethiopia","Éthiopie","Etiopía","إثيوبيا","埃塞俄比亚","Эфиопия","the Federal Democratic Republic of Ethiopia","la République fédérale démocratique d'Éthiopie","la República Democrática Federal de Etiopía","إثيوبيا","埃塞俄比亚","Эфиопия","Africa","Least Developed Countries","Eastern Africa"
"232","178","ER","ERI","Eritrea","Érythrée","Eritrea","إريتريا","厄立特里亚","Эритрея","the State of Eritrea","l'État d'Érythrée","el Estado de Eritrea","إريتريا دولة","厄立特里亚国","Государство Эритрея","Africa","Least Developed Countries","Eastern Africa"
"233","63","EE","EST","Estonia","Estonie","Estonia","جمهورية إستونيا","爱沙尼亚","Эстонская Республика","the Republic of Estonia","la République d'Estonie","la República de Estonia","جمهورية إستونيا","爱沙尼亚","Эстонская Республика","Europe","Developed countries or areas","Northern Europe"
"234","64","FO","FRO","Faroe Islands","Îles Féroé","Islas Feroe","جزر فيرويه(Associate Member)","法罗群岛","Фарерские Острова","Faroe Islands","les Îles Féroé","las Islas Feroe","جزر فيرويه(Associate Member)","法罗群岛","Фарерские Острова","Europe","Developed countries or areas","Northern Europe"
"238","65","FK","FLK","Falkland Is.(Malvinas)","Îles Falkland(Malvinas)","Islas Malvinas(Falkland)","مالفيناس - فوكلاند جزر","福克兰群岛（马尔维纳斯）","Фолклендские (Мальвинские) острова","the Falkland Islands (Malvinas)","les Îles Falkland (Malvinas)","las Islas Malvinas (Falkland Islands)","مالفيناس - فوكلاند جزر","福克兰群岛（马尔维纳斯）","Фолклендские (Мальвинские) острова","Americas","Other developing countries or areas","South America"
"239","271","GS","SGS","SouthGeorgia/Sandwich Is","Géorgie Sud-Îles Sand.S.","Georgia S.-Is.Sandw.Sur","وساندويتش جورجيا جنوب جزر","南乔治亚岛和南桑威奇群岛（英国）","остров Южная Георгия и Южные Сандвичевы острова","South Georgia and the South Sandwich Islands","Îles Géorgie du Sud et Sandwich du Sud","Islas Georgias del Sur y Sandwich del Sur","وساندويتش جورجيا جنوب جزر","南乔治亚岛和南桑威奇群岛（英国）","остров Южная Георгия и Южные Сандвичевы острова","Americas","Other developing countries or areas","South America"
"242","66","FJ","FJI","Fiji","Fidji","Fiji","فيجي","斐济","Фиджи","the Republic of Fiji","la République des Fidji","la República de Fiji","جمهوريّة فيجي","斐济共和国","Республика Фиджи","Oceania","Other developing countries or areas","Melanesia"
"246","67","FI","FIN","Finland","Finlande","Finlandia","فنلندا","芬 兰","Финляндия","the Republic of Finland","la République de Finlande","la República de Finlandia","فنلندا","芬 兰","Финляндия","Europe","Developed countries or areas","Northern Europe"
"248","282","AX","ALA","Åland Islands","Îles d'Åland","Islas Åland","ألاند جزر","奥兰群岛","Аландские острова","Åland Islands","Îles d'Åland","Islas Åland","ألاند جزر","奥兰群岛","Аландские острова","Europe","Developed countries or areas","Northern Europe"
"250","68","FR","FRA","France","France","Francia","فرنسا","法  国","Франция","the French Republic","la République française","la República Francesa","فرنسا","法  国","Франция","Europe","Developed countries or areas","Western Europe"
"254","69","GF","GUF","French Guiana","Guyane française","Guayana Francesa","من غيانا الفرنسية","法属圭亚那人/法属圭亚那的","гвианский","French Guiana","Guyane française","Guayana francesa","من غيانا الفرنسية","法属圭亚那人/法属圭亚那的","гвианский","Americas","Other developing countries or areas","South America"
"258","70","PF","PYF","French Polynesia","Polynésie française","Polinesia Francesa","من بولينيزيا الفرنسية","波利尼西亚人/波利尼西亚的","полинезиец","French Polynesia","la Polynésie française","Polinesia Francesa","من بولينيزيا الفرنسية","波利尼西亚人/波利尼西亚的","полинезиец","Oceania","Other developing countries or areas","Polynesia"
"260","71","TF","ATF","French Southern Terr","Terres australes fr.","Tierras Australes Fr.","أنتارتيكا في والواقعة الجنوبية الفرنسية الأقاليم","法属南半球和南极领地","Французские южные и антарктические территории","French Southern and Antarctic Territories","les Terres australes et antarctiques françaises","las Tierras Australes y Antárticas Francesas","أنتارتيكا في والواقعة الجنوبية الفرنسية الأقاليم","法属南半球和南极领地","Французские южные и антарктические территории","Africa","Other developing countries or areas","Eastern Africa"
"262","72","DJ","DJI","Djibouti","Djibouti","Djibouti","جيبوتي","吉布提","Джибути","the Republic of Djibouti","la République de Djibouti","la República de Djibouti","جيبوتي","吉布提","Джибути","Africa","Least Developed Countries","Eastern Africa"
"266","74","GA","GAB","Gabon","Gabon","Gabón","الجمهورية الغابونية","加 蓬","Габон","the Gabonese Republic","la République gabonaise","la República Gabonesa","الجمهورية الغابونية","加 蓬","Габон","Africa","Other developing countries or areas","Middle Africa"
"268","73","GE","GEO","Georgia","Géorgie","Georgia","جورجيا","格鲁吉亚","Грузия","Georgia","la Géorgie","Georgia","جورجيا","格鲁吉亚","Грузия","Asia","Other developing countries or areas","Western Asia"
"270","75","GM","GMB","Gambia","Gambia","Gambia","غامبيا","冈比亚","Гамбия","the Republic of the Gambia","la République de Gambie","la República de Gambia","غامبيا جمهوريّة ","冈比亚共和国","Республика Гамбия","Africa","Least Developed Countries","Western Africa"
"274","76","","","Gaza Strip(Palestine)","Bande de Gaza(Palestine)","Faja de Gaza(Palestina)","","","","","","","","","","Asia","Other developing countries or areas",""
"275","299","PS","PSE","Palestine, Occupied Tr.","Palestine, terr.occupé","Palestina, Terri.Ocupado","","","","Occupied Palestinian Territory","Territoire palestinien occupé","Territorio Palestino Ocupado","","","","Asia","Other developing countries or areas","Western Asia"
"276","79","DE","DEU","Germany","Allemagne","Alemania","ألمانيا","德意志联邦共和国","Германия","the Federal Republic of Germany","la République fédérale d'Allemagne","la República Federal de Alemania","ألمانيا","德意志联邦共和国","Германия","Europe","Developed countries or areas","Western Europe"
"278","77","","","Germany,New Länder","Allemagne,NouveauxLänder","Alemania,Nuevos Länder","","","","","","","","","","Europe","Developed countries or areas","Western Europe"
"280","78","","","Germany, Fed. Rep. of","Allemagne, Rép. féd. d'","Alemania, Rep. Fed. de","","","","","","","","","","Europe","Developed countries or areas","Western Europe"
"288","81","GH","GHA","Ghana","Ghana","Ghana","جمهورية غانا","加 纳","Гана","the Republic of Ghana","la République du Ghana","la República de Ghana","جمهورية غانا","加 纳","Гана","Africa","Other developing countries or areas","Western Africa"
"292","82","GI","GIB","Gibraltar","Gibraltar","Gibraltar","من جبل طارق","直布罗陀人/直布罗陀的","гибралтарский","Gibraltar","Gibraltar","Gibraltar","من جبل طارق","直布罗陀人/直布罗陀的","гибралтарский","Europe","Developed countries or areas","Southern Europe"
"296","83","KI","KIR","Kiribati","Kiribati","Kiribati","كيريباس","基里巴斯","Кирибати","the Republic of Kiribati","la République de Kiribati","la República de Kiribati","كيريباس","基里巴斯","Кирибати","Oceania","Least Developed Countries","Micronesia"
"300","84","GR","GRC","Greece","Grèce","Grecia","اليونان","希 腊","Греция","the Hellenic Republic","la République hellénique","la República Helénica","اليونان","希 腊","Греция","Europe","Developed countries or areas","Southern Europe"
"304","85","GL","GRL","Greenland","Groenland","Groenlandia","غرينلاند","格陵兰","Гренландия","Greenland","Groenland","Groenlandia","غرينلاند","格陵兰","Гренландия","Americas","Developed countries or areas","Northern America"
"308","86","GD","GRD","Grenada","Grenade","Granada","غرينادا","格林纳达","Гренада","Grenada","la Grenade","Granada","غرينادا","格林纳达","Гренада","Americas","Other developing countries or areas","Caribbean"
"312","87","GP","GLP","Guadeloupe","Guadeloupe","Guadalupe","غواديالوب","瓜德罗普","Гваделупа","Guadeloupe","la Guadeloupe","Guadalupe","غواديالوب","瓜德罗普","Гваделупа","Americas","Other developing countries or areas","Caribbean"
"316","88","GU","GUM","Guam","Guam","Guam","غوام","关岛","Гуам","Guam","Guam","Guam","غوام","关岛","Гуам","Oceania","Other developing countries or areas","Micronesia"
"320","89","GT","GTM","Guatemala","Guatemala","Guatemala","غواتيمالا","危地马拉共和国","Гватемала","the Republic of Guatemala","la République du Guatemala","la República de Guatemala","غواتيمالا","危地马拉共和国","Гватемала","Americas","Other developing countries or areas","Central America"
"324","90","GN","GIN","Guinea","Guinée","Guinea","غينيا","几内亚共和国","Гвинейская Республика","the Republic of Guinea","la République de Guinée","la República de Guinea","غينيا","几内亚共和国","Гвинейская Республика","Africa","Least Developed Countries","Western Africa"
"328","91","GY","GUY","Guyana","Guyana","Guyana","غيانا","圭亚那","Гайана","the Republic of Guyana","la République du Guyana","la República de Guyana","غيانا","圭亚那","Гайана","Americas","Other developing countries or areas","South America"
"332","93","HT","HTI","Haiti","Haïti","Haití","هايتي","海地共和国","Гаити","the Republic of Haiti","la République d'Haïti","la República de Haití","هايتي","海地共和国","Гаити","Americas","Least Developed Countries","Caribbean"
"334","92","HM","HMD","Heard and McDonald Is.","Îles Heard et McDonald","Islas Heard y McDonald","ماكدونالد وجزيرة هيرد جزيرة","赫德和麦克唐纳群岛；赫德岛和麦克唐纳岛","острова Херд и Макдональд","Heard Island and McDonald Island","Îles Heard et McDonald","Islas Heard y McDonald","ماكدونالد وجزيرة هيرد جزيرة","赫德和麦克唐纳群岛；赫德岛和麦克唐纳岛","острова Херд и Макдональд","Oceania","Developed countries or areas","Australia and New Zealand"
"336","94","VA","VAT","Holy See","Saint-Siège","Santa Sede","","","","Holy See","le Saint-Siège","la Santa Sede","","","","Europe","Developed countries or areas","Southern Europe"
"340","95","HN","HND","Honduras","Honduras","Honduras","هندوراس","洪都拉斯共和国","Гондурас","the Republic of Honduras","la République du Honduras","la República de Honduras","هندوراس","洪都拉斯共和国","Гондурас","Americas","Other developing countries or areas","Central America"
"344","96","HK","HKG","China, Hong Kong SAR","Chine, RAS de Hong-Kong","China, RAE de Hong Kong","خاصة إدارية منطقة كونغ هونغ الصين-","中国香港特区","Китай, Специальный административный район Гонконг","China, Hong Kong Special Administrative Region","Chine - Région administrative spéciale de Hong-Kong","China, Región Administrativa Especial de Hong Kong","خاصة إدارية منطقة كونغ هونغ الصين-","中国香港特别行政区","Китай, Специальный административный район Гонконг","Asia","Other developing countries or areas","Eastern Asia"
"348","97","HU","HUN","Hungary","Hongrie","Hungría","هنغاريا","匈牙利","Венгрия","Hungary","la Hongrie","Hungría","هنغاريا","匈牙利","Венгрия","Europe","Developed countries or areas","Eastern Europe"
"352","99","IS","ISL","Iceland","Islande","Islandia","جمهورية آيسلندا","冰 岛","Исландия","the Republic of Iceland","la République d'Islande","la República de Islandia","جمهورية آيسلندا","冰 岛","Исландия","Europe","Developed countries or areas","Northern Europe"
"356","100","IN","IND","India","Inde","India","جمهورية الهند","印 度","Индия","the Republic of India","la République de l'Inde","la República de la India","جمهورية الهند","印 度","Индия","Asia","Other developing countries or areas","Southern Asia"
"360","101","ID","IDN","Indonesia","Indonésie","Indonesia","إندونيسيا","印度尼西亚","Индонезия","the Republic of Indonesia","la République d'Indonésie","la República de Indonesia","إندونيسيا","印度尼西亚","Индонезия","Asia","Other developing countries or areas","South-Eastern Asia"
"364","102","IR","IRN","Iran (Islamic Rep. of)","Iran (Rép. islamique d')","Irán (Rep. Islámica del)","إيران","伊朗伊斯兰共和国","Иран (Исламская Республика)","the Islamic Republic of Iran","la République islamique d'Iran","la República Islámica del Irán","إيران","伊朗伊斯兰共和国","Иран (Исламская Республика)","Asia","Other developing countries or areas","Southern Asia"
"368","103","IQ","IRQ","Iraq","Iraq","Iraq","جمهورية العراق","伊拉克","Ирак","the Republic of Iraq","la République d'Iraq","la República del Iraq","جمهورية العراق","伊拉克","Ирак","Asia","Other developing countries or areas","Western Asia"
"372","104","IE","IRL","Ireland","Irlande","Irlanda","آيرلندا","爱尔兰","Ирландия","Ireland","l'Irlande","Irlanda","آيرلندا","爱尔兰","Ирландия","Europe","Developed countries or areas","Northern Europe"
"376","105","IL","ISR","Israel","Israël","Israel","دولة إسرائيل","以色列","Израиль","the State of Israel","l'État d'Israël","el Estado de Israel","دولة إسرائيل","以色列","Израиль","Asia","Developed countries or areas","Western Asia"
"380","106","IT","ITA","Italy","Italie","Italia","إيطاليا","意大利","Италия","the Republic of Italy","la République italienne","la República Italiana","إيطاليا","意大利","Италия","Europe","Developed countries or areas","Southern Europe"
"384","107","CI","CIV","Côte d'Ivoire","Côte d'Ivoire","Côte d'Ivoire","جمهورية كوت ديفوار","科特迪瓦","Республика Кот-д'Ивуар","the Republic of Côte d'Ivoire","la République de Côte d'Ivoire","la República de Côte d'Ivoire","جمهورية كوت ديفوار","科特迪瓦","Республика Кот-д'Ивуар","Africa","Other developing countries or areas","Western Africa"
"388","109","JM","JAM","Jamaica","Jamaïque","Jamaica","جامايكا","牙买加","Ямайка","Jamaica","la Jamaïque","Jamaica","جامايكا","牙买加","Ямайка","Americas","Other developing countries or areas","Caribbean"
"392","110","JP","JPN","Japan","Japon","Japón","اليابان","日 本","Япония","Japan","le Japon","el Japón","اليابان","日 本","Япония","Asia","Developed countries or areas","Eastern Asia"
"396","111","JT","JTN","Johnston Island","Johnston, Ile","Johnston, Isla","","","","Johnston Island","Île Johnston","Isla Johnston","","","","","",""
"398","108","KZ","KAZ","Kazakhstan","Kazakhstan","Kazajstán","كازاخستان","哈萨克斯坦","Казахстан","the Republic of Kazakhstan","la République du Kazakhstan","la República de Kazajstán","كازاخستان","哈萨克斯坦","Казахстан","Asia","Other developing countries or areas","Central Asia "
"400","112","JO","JOR","Jordan","Jordanie","Jordania","الأردن","约 旦","Иорданское Хашимитское Королевство","the Hashemite Kingdom of Jordan","le Royaume hachémite de Jordanie","el Reino Hachemita de Jordania","الأردن","约 旦","Иорданское Хашимитское Королевство","Asia","Other developing countries or areas","Western Asia"
"402","245","","","West Bank","Cisjordanie","Cisjordania","","","","The West Bank","la Cisjordanie","Ribera Occidental","","","","Asia","","Western Asia"
"404","114","KE","KEN","Kenya","Kenya","Kenya","كينيا","肯尼亚","Кения","the Republic of Kenya","la République du Kenya","la República de Kenya","كينيا","肯尼亚","Кения","Africa","Other developing countries or areas","Eastern Africa"
"408","116","KP","PRK","Korea, Dem. People's Rep","Rép. pop. dém. de Corée","Rep. Pop. Dem. de Corea","جمهورية كوريا الشعبية الديمقراطية","朝鲜民主主义人民共和国","Корейская Народно-Демократическая Республика","the Democratic People's Republic of Korea","la République populaire démocratique de Corée","la República Popular Democrática de Corea","جمهورية كوريا الشعبية الديمقراطية","朝鲜民主主义人民共和国","Корейская Народно-Демократическая Республика","Asia","Other developing countries or areas","Eastern Asia"
"410","117","KR","KOR","Korea, Republic of","République de Corée","República de Corea","جمهورية كوريا","大韩民国","Республика Корея","the Republic of Korea","la République de Corée","la República de Corea","جمهورية كوريا","大韩民国","Республика Корея","Asia","Other developing countries or areas","Eastern Asia"
"414","118","KW","KWT","Kuwait","Koweït","Kuwait","الكويت","科威特","Кувейт","the State of Kuwait","l'État du Koweït","el Estado de Kuwait","الكويت","科威特","Кувейт","Asia","Other developing countries or areas","Western Asia"
"417","113","KG","KGZ","Kyrgyzstan","Kirghizistan","Kirguistán","جمهورية القيرغيز","吉尔吉斯斯坦","Кыргызстан","the Kyrgyz Republic","la République kirghize","la República Kirguisa","جمهورية القيرغيز","吉尔吉斯斯坦","Кыргызстан","Asia","Other developing countries or areas","Central Asia "
"418","120","LA","LAO","Lao People's Dem. Rep.","Rép. dém. pop. lao","Rep. Dem. Pop. Lao","جمهورية لاو الديمقراطية الشعبية","老挝人民民主共和国","Лаосская Народно-Демократическая Республика","the Lao People's Democratic Republic","la République démocratique populaire lao","la República Democrática Popular Lao","جمهورية لاو الديمقراطية الشعبية","老挝人民民主共和国","Лаосская Народно-Демократическая Республика","Asia","Least Developed Countries","South-Eastern Asia"
"422","121","LB","LBN","Lebanon","Liban","Líbano","الجمهورية اللبنانية","黎巴嫩","Ливан","the Lebanese Republic","la République libanaise","la República libanesa","الجمهورية اللبنانية","黎巴嫩","Ливан","Asia","Other developing countries or areas","Western Asia"
"426","122","LS","LSO","Lesotho","Lesotho","Lesotho","مملكة ليسوتو","莱索托","Королевство Лесото","the Kingdom of Lesotho","le Royaume du Lesotho","el Reino de Lesotho","مملكة ليسوتو","莱索托","Королевство Лесото","Africa","Least Developed Countries","Southern Africa"
"428","119","LV","LVA","Latvia","Lettonie","Letonia","لاتفيا","拉脱维亚","Латвия","the Republic of Latvia","la République de Lettonie","la República de Letonia","لاتفيا","拉脱维亚","Латвия","Europe","Developed countries or areas","Northern Europe"
"430","123","LR","LBR","Liberia","Libéria","Liberia","ليبريا","利比里亚","Либерия","the Republic of Liberia","la République du Libéria","la República de Liberia","ليبريا","利比里亚","Либерия","Africa","Least Developed Countries","Western Africa"
"434","124","LY","LBY","Libya","Libye","Libia","ليبيا","利比亚","Ливия","State of Libya","l'État de Libye","Estado de Libia","دولة ليبيا","利比亚国","Государство Ливия","Africa","Other developing countries or areas","Northern Africa"
"438","125","LI","LIE","Liechtenstein","Liechtenstein","Liechtenstein","لختنشتاين","列支敦士登","Лихтенштейн","the Principality of Liechtenstein","la Principauté du Liechtenstein","el Principado de Liechtenstein","لختنشتاين إمارة","列支敦士登公国","Княжество Лихтенштейн","Europe","Developed countries or areas","Western Europe"
"440","126","LT","LTU","Lithuania","Lituanie","Lituania","ليتوانيا","立陶宛共和国","Литва","the Republic of Lithuania","la République de Lituanie","la República de Lituania","ليتوانيا","立陶宛共和国","Литва","Europe","Developed countries or areas","Northern Europe"
"442","256","LU","LUX","Luxembourg","Luxembourg","Luxemburgo","لكسمبرغ","卢森堡","Великое Герцогство Люксембург","the Grand Duchy of Luxembourg","le Grand-Duché de Luxembourg","el Gran Ducado de Luxemburgo","لكسمبرغ","卢森堡","Великое Герцогство Люксембург","Europe","Developed countries or areas","Western Europe"
"446","128","MO","MAC","China, Macao SAR","Chine, RAS de Macao","China, RAE de Macao","خاصة إدارية منطقة مكاو الصين-","中国澳门特区","Китай, Специальный административный район Макао","China, Macao SAR","Chine - RAS de Macao","China, Región Administrativa Especial de Macao","خاصة إدارية منطقة مكاو الصين-","中国澳门特别行政区","Китай, Специальный административный район Макао","Asia","Other developing countries or areas","Eastern Asia"
"450","129","MG","MDG","Madagascar","Madagascar","Madagascar","جمهورية مدغشقر","马达加斯加","Мадагаскар","the Republic of Madagascar","la République de Madagascar","la República de Madagascar","جمهورية مدغشقر","马达加斯加","Мадагаскар","Africa","Least Developed Countries","Eastern Africa"
"454","130","MW","MWI","Malawi","Malawi","Malawi","ملاوي","马拉维","Малави","the Republic of Malawi","la République du Malawi","la República de Malawi","ملاوي","马拉维","Малави","Africa","Least Developed Countries","Eastern Africa"
"458","131","MY","MYS","Malaysia","Malaisie","Malasia","ماليزيا","马来西亚","Малайзия","Malaysia","la Malaisie","Malasia","ماليزيا","马来西亚","Малайзия","Asia","Other developing countries or areas","South-Eastern Asia"
"462","132","MV","MDV","Maldives","Maldives","Maldivas","ملديف","马尔代夫共和国","Мальдивы","the Republic of Maldives","la République des Maldives","la República de Maldivas","ملديف","马尔代夫共和国","Мальдивы","Asia","Other developing countries or areas","Southern Asia"
"466","133","ML","MLI","Mali","Mali","Malí","مالي","马里共和国","Республика Мали","the Republic of Mali","la République du Mali","la República de Malí","مالي","马里共和国","Республика Мали","Africa","Least Developed Countries","Western Africa"
"470","134","MT","MLT","Malta","Malte","Malta","جمهورية مالطة","马耳他","Мальта","the Republic of Malta","la République de Malte","la República de Malta","جمهورية مالطة","马耳他","Мальта","Europe","Developed countries or areas","Southern Europe"
"474","135","MQ","MTQ","Martinique","Martinique","Martinica","مارتينيك","马提尼克","Мартиника","Martinique","Martinique","Martinica","مارتينيك","马提尼克","Мартиника","Americas","Other developing countries or areas","Caribbean"
"478","136","MR","MRT","Mauritania","Mauritanie","Mauritania","موريتانيا","毛里塔尼亚伊斯兰共和国","Мавритания","the Islamic Republic of Mauritania","la République islamique de Mauritanie","la República Islámica de Mauritania","موريتانيا","毛里塔尼亚伊斯兰共和国","Мавритания","Africa","Least Developed Countries","Western Africa"
"480","137","MU","MUS","Mauritius","Maurice","Mauricio","موريشيوس","毛里求斯","Маврикий","the Republic of Mauritius","la République de Maurice","la República de Mauricio","موريشيوس","毛里求斯","Маврикий","Africa","Other developing countries or areas","Eastern Africa"
"484","138","MX","MEX","Mexico","Mexique","México","المكسيك","墨西哥","Мексика","the United Mexican States","les États-Unis du Mexique","los Estados Unidos Mexicanos","المكسيك","墨西哥","Мексика","Americas","Other developing countries or areas","Central America"
"488","139","MI","MID","Midway Islands","Midway, Îles","Midway, Islas","","","","Midway Island","Île Midway","Islas Midway","","","","","",""
"492","140","MC","MCO","Monaco","Monaco","Mónaco","موناكو","摩纳哥","Княжество Монако","the Principality of Monaco","la Principauté de Monaco","el Principado de Mónaco","موناكو","摩纳哥","Княжество Монако","Europe","Developed countries or areas","Western Europe"
"496","141","MN","MNG","Mongolia","Mongolie","Mongolia","منغوليا","蒙 古","Монголия","Mongolia","la Mongolie","Mongolia","منغوليا","蒙 古","Монголия","Asia","Other developing countries or areas","Eastern Asia"
"498","146","MD","MDA","Moldova, Republic of","République de Moldova","República de Moldova","مولدوفي","摩尔多瓦的","Республика Молдова","the Republic of Moldova","la République de Moldova","la República de Moldova","مولدوفي","摩尔多瓦的","Республика Молдова","Europe","Developed countries or areas","Eastern Europe"
"499","273","ME","MNE","Montenegro","Monténégro","Montenegro","الجبل الأسود","黑山","Черногория","Montenegro","le Monténégro","Montenegro","الجبل الأسود","黑山","Черногория","Europe","Developed countries or areas","Southern Europe"
"500","142","MS","MSR","Montserrat","Montserrat","Montserrat","مونتيسيرات","蒙特塞拉特","Монтсеррат","Montserrat","Montserrat","Montserrat","مونتيسيرات","蒙特塞拉特","Монтсеррат","Americas","Other developing countries or areas","Caribbean"
"504","143","MA","MAR","Morocco","Maroc","Marruecos","المملكة المغربية","摩洛哥","Королевство Марокко","the Kingdom of Morocco","le Royaume du Maroc","el Reino de Marruecos","المملكة المغربية","摩洛哥","Королевство Марокко","Africa","Other developing countries or areas","Northern Africa"
"508","144","MZ","MOZ","Mozambique","Mozambique","Mozambique","موزامبيق","莫桑比克","Мозамбик","the Republic of Mozambique","la République du Mozambique","la República de Mozambique","موزامبيق","莫桑比克","Мозамбик","Africa","Least Developed Countries","Eastern Africa"
"512","221","OM","OMN","Oman","Oman","Omán","سلطنة عمان","阿曼苏丹国","Султанат Оман","the Sultanate of Oman","le Sultanat d'Oman","la Sultanía de Omán","سلطنة عمان","阿曼苏丹国","Султанат Оман","Asia","Other developing countries or areas","Western Asia"
"516","147","NA","NAM","Namibia","Namibie","Namibia","ناميبيا","纳米比亚","Намибия","the Republic of Namibia","la République de Namibie","la República de Namibia","ناميبيا","纳米比亚","Намибия","Africa","Other developing countries or areas","Southern Africa"
"520","148","NR","NRU","Nauru","Nauru","Nauru","ناورو","瑙 鲁","Республика Науру","the Republic of Nauru","la République de Nauru","la República de Nauru","ناورو","瑙 鲁","Республика Науру","Oceania","Other developing countries or areas","Micronesia"
"524","149","NP","NPL","Nepal","Népal","Nepal","نيبال","尼泊尔","Федеративная Демократическая Республика Непал","Federal Democratic Republic of Nepal","République démocratique fédérale du Nepal","República Federal Democrática de Nepal","نيبال","尼泊尔","Федеративная Демократическая Республика Непал","Asia","Least Developed Countries","Southern Asia"
"528","150","NL","NLD","Netherlands","Pays-Bas","Países Bajos","هولندا","荷兰王国","Нидерланды","the Kingdom of the Netherlands","le Royaume des Pays-Bas","el Reino de los Países Bajos","هولندا","荷兰王国","Нидерланды","Europe","Developed countries or areas","Western Europe"
"530","151","AN","ANT","Netherlands Antilles","Antilles néerlandaises","Antillas Neerlandesas","من جزر الأنتيل الهولندية","荷属安的列斯人/属安的列斯人的","(из/ житель) Голландских Антильских островов","Netherlands Antilles","les Antilles néerlandaises","Antillas Neerlandesas","من جزر الأنتيل الهولندية","荷属安的列斯人/属安的列斯人的","(из/ житель) Голландских Антильских островов","Americas","Other developing countries or areas","Caribbean"
"531","286","CW","CUW","Curaçao","Curaçao","Curaçao","كوراساو","库拉索","Кюрасао","Curaçao","Curaçao","Curaçao","كوراساو","库拉索","Кюрасао","Americas","Other developing countries or areas","Caribbean"
"533","22","AW","ABW","Aruba","Aruba","Aruba","أروبا","阿鲁巴岛","Аруба","Aruba","Aruba","Aruba","أروبا","阿鲁巴岛","Аруба","Americas","Other developing countries or areas","Caribbean"
"534","289","SX","SXM","Sint Maarten","Sint Maarten","Sint Maarten","مارتن سانت","圣马丁（荷属部分）","Синт-Мартен (голландская часть)","Sint Maarten (Dutch Part)","Sint Maarten (Partie néerlandaise)","Sint Maarten (Parte de los Países Bajos)","مارتن سانت","圣马丁（荷属部分）","Синт-Мартен (голландская часть)","Americas","Other developing countries or areas","Caribbean"
"535","283","BQ","BES","Bonaire/S.Eustatius/Saba","Bonaire/S.Eustatius/Saba","Bonaire/S.Eustatius/Saba","وسابا يوستاتيوس وسان بونير","博纳尔、圣俄斯塔休斯和萨巴","Бонайре, Синт-Эстатиус и Саба","Bonaire, Sint Eustatius and Saba","Bonaire, Sint Eustatius et Saba","Bonaire, Sint Eustatius y Saba","وسابا يوستاتيوس وسان بونير","博纳尔、圣俄斯塔休斯和萨巴","Бонайре, Синт-Эстатиус и Саба","Americas","Other developing countries or areas","Caribbean"
"536","152","","","Neutral Zone","Zone neutre","Zona Neutral","","","","","","","","","","","",""
"540","153","NC","NCL","New Caledonia","Nouvelle-Calédonie","Nueva Caledonia","الجديدة كاليدونيا","新喀里多尼亚","Новая Каледония","New Caledonia","Nouvelle-Calédonie","Nueva Caledonia","الجديدة كاليدونيا","新喀里多尼亚","Новая Каледония","Oceania","Other developing countries or areas","Melanesia"
"548","155","VU","VUT","Vanuatu","Vanuatu","Vanuatu","فانواتو","瓦努阿图共和国","Республика Вануату","the Republic of Vanuatu","la République de Vanuatu","la República de Vanuatu","فانواتو","瓦努阿图共和国","Республика Вануату","Oceania","Least Developed Countries","Melanesia"
"554","156","NZ","NZL","New Zealand","Nouvelle-Zélande","Nueva Zelandia","نيوزيلندا","新西兰","Новая Зеландия","New Zealand","la Nouvelle-Zélande","Nueva Zelandia","نيوزيلندا","新西兰","Новая Зеландия","Oceania","Developed countries or areas","Australia and New Zealand"
"558","157","NI","NIC","Nicaragua","Nicaragua","Nicaragua","نيكاراغوا","尼加拉瓜共和国","Никарагуа","the Republic of Nicaragua","la République du Nicaragua","la República de Nicaragua","نيكاراغوا","尼加拉瓜共和国","Никарагуа","Americas","Other developing countries or areas","Central America"
"562","158","NE","NER","Niger","Niger","Níger","النيجر","尼日尔","Республика Нигер","the Republic of the Niger","la République du Niger","la República del Níger","النيجر","尼日尔","Республика Нигер","Africa","Least Developed Countries","Western Africa"
"566","159","NG","NGA","Nigeria","Nigéria","Nigeria","نيجيريا","尼日利亚","Нигерия","the Federal Republic of Nigeria","la République fédérale du Nigéria","la República Federal de Nigeria","نيجيريا","尼日利亚","Нигерия","Africa","Other developing countries or areas","Western Africa"
"570","160","NU","NIU","Niue","Nioué","Niue","نيوى","纽埃","Ниуэ","the Republic of Niue","la République de Nioué","la República de Niue","نيوى","纽埃","Ниуэ","Oceania","Other developing countries or areas","Polynesia"
"574","161","NF","NFK","Norfolk Island","Île Norfolk","Isla Norfolk","لنورفولك لجزيرة تابعة مناطق نورفولك- جزيرة","诺福克岛","остров Норфолк","Territory of Norfolk Island","Île Norfolk","Isla Norfolk","لنورفولك لجزيرة تابعة مناطق نورفولك- جزيرة","诺福克岛","остров Норфолк","Oceania","Developed countries or areas","Australia and New Zealand"
"578","162","NO","NOR","Norway","Norvège","Noruega","النرويج","挪 威","Норвегия","the Kingdom of Norway","le Royaume de Norvège","el Reino de Noruega","النرويج","挪 威","Норвегия","Europe","Developed countries or areas","Northern Europe"
"580","163","MP","MNP","Northern Mariana Is.","Îles Mariannes du Nord","Islas Marianas septent.","الشمالية ماريانا جزر","北马里亚纳群岛","Северные Марианские острова","Northern Mariana Islands","Commonwealth des Mariannes du Nord","Islas Marianas septentrionales","الشمالية ماريانا جزر","北马里亚纳群岛","Содружество Северных Марианских островов","Oceania","Other developing countries or areas","Micronesia"
"581","232","UM","UMI","US Minor Outlying Is.","Îles Mineures EloignésEU","Is Menores PeriféricasEU","الصغرى المتحدة الولايات جزر","美国小离岛","малые отдаленные острова Соединенных Штатов Америки","the United States Minor Islands","Îles mineures éloignées des États-Unis","Islas Menores Periféricas de los Estados Unidos","الصغرى المتحدة الولايات جزر","美国小离岛","малые отдаленные острова Соединенных Штатов Америки","Oceania","Other developing countries or areas","Micronesia"
"582","164","","","Pacific Islands Trust Tr","Pacifique, Îles du","Pacifico, Islas del","","","","Pacific Islands Trust Territory","Territoire des Îles du Pacifique","Territorio de las Islas del Pacífico","","","","","",""
"583","145","FM","FSM","Micronesia, Fed.States of","Micronésie(États féd.de)","Micronesia(Estados Fed.)","ولايات ميكرونيزيا الموحدة","密克罗尼西亚(联邦)","Федеративные Штаты Микронезии","the Federated States of Micronesia","les États fédérés de Micronésie","los Estados Federados de Micronesia","ولايات ميكرونيزيا الموحدة","密克罗尼西亚(联邦)","Федеративные Штаты Микронезии","Oceania","Other developing countries or areas","Micronesia"
"584","127","MH","MHL","Marshall Islands","Îles Marshall","Islas Marshall","جمهورية جزر مارشال","马绍尔群岛共和国","Маршалловы Острова","the Republic of the Marshall Islands","la République des Îles Marshall","la República de las Islas Marshall","جمهورية جزر مارشال","马绍尔群岛共和国","Маршалловы Острова","Oceania","Other developing countries or areas","Micronesia"
"585","180","PW","PLW","Palau","Palaos","Palau","بالاو","帕劳共和国","Палау","the Republic of Palau","la République des Palaos","la República de Palau","بالاو","帕劳共和国","Палау","Oceania","Other developing countries or areas","Micronesia"
"586","165","PK","PAK","Pakistan","Pakistan","Pakistán","باكستان","巴基斯坦","Пакистан","the Islamic Republic of Pakistan","la République islamique du Pakistan","la República Islámica del Pakistán","باكستان","巴基斯坦","Пакистан","Asia","Other developing countries or areas","Southern Asia"
"591","166","PA","PAN","Panama","Panama","Panamá","جمهورية بنما","巴拿马","Панама","the Republic of Panama","la République du Panama","la República de Panamá","جمهورية بنما","巴拿马","Панама","Americas","Other developing countries or areas","Central America"
"598","168","PG","PNG","Papua New Guinea","Papouasie-Nlle-Guinée","Papua Nueva Guinea","الجديدة غينيا بابوا","巴布亚新几内亚独立国","Папуа-Новая Гвинея","Independent State of Papua New Guinea","État indépendant de Papouasie-Nouvelle-Guinée","Estado Independiente de Papua Nueva Guinea","المستقلة الجديدة غينيا بابوا دولة","巴布亚新几内亚独立国","Независимое государство Папуа-Новая Гвинея","Oceania","Other developing countries or areas","Melanesia"
"600","169","PY","PRY","Paraguay","Paraguay","Paraguay","باراغواي","巴拉圭","Парагвай","the Republic of Paraguay","la République du Paraguay","la República del Paraguay","باراغواي","巴拉圭","Парагвай","Americas","Other developing countries or areas","South America"
"604","170","PE","PER","Peru","Pérou","Perú","بيرو","秘鲁共和国","Перу","the Republic of Peru","la République du Pérou","la República del Perú","بيرو","秘鲁共和国","Перу","Americas","Other developing countries or areas","South America"
"608","171","PH","PHL","Philippines","Philippines","Filipinas","جمهورية الفلبين","菲律宾共和国","Республика Филиппины","the Republic of the Philippines","la République des Philippines","la República de Filipinas","جمهورية الفلبين","菲律宾共和国","Республика Филиппины","Asia","Other developing countries or areas","South-Eastern Asia"
"612","172","PN","PCN","Pitcairn Islands","Îles Pitcairn","Islas Pitcairn","بيتكيرن جزر","皮特克恩岛","Питкэрн","Pitcairn Islands","Îles Pitcairn","Islas Pitcairn","بيتكيرن جزر","皮特克恩岛","Питкэрн","Oceania","Other developing countries or areas","Polynesia"
"616","173","PL","POL","Poland","Pologne","Polonia","بولندا","波 兰","Польша","the Republic of Poland","la République de Pologne","la República de Polonia","بولندا","波 兰","Польша","Europe","Developed countries or areas","Eastern Europe"
"620","174","PT","PRT","Portugal","Portugal","Portugal","البرتغال","葡萄牙","Португальская Республика","the Portuguese Republic","la République portugaise","la República Portuguesa","البرتغال","葡萄牙","Португальская Республика","Europe","Developed countries or areas","Southern Europe"
"624","175","GW","GNB","Guinea-Bissau","Guinée-Bissau","Guinea-Bissau","غينيا - بيساو","几内亚比绍","Гвинея-Бисау","the Republic of Guinea-Bissau","la République de Guinée-Bissau","la República de Guinea-Bissau","غينيا - بيساو","几内亚比绍","Гвинея-Бисау","Africa","Least Developed Countries","Western Africa"
"626","176","TL","TLS","Timor-Leste","Timor-Leste","Timor-Leste","تيمور- ليشتى","东帝汶","Тимор-Лешти","the Democratic Republic of Timor-Leste","la République démocratique du Timor-Leste","la República Democrática de Timor-Leste","تيمور- ليشتى","东帝汶","Тимор-Лешти","Asia","Least Developed Countries","South-Eastern Asia"
"630","177","PR","PRI","Puerto Rico","Porto Rico","Puerto Rico","بورتوريكو","波多黎各","Пуэрто-Рико","Puerto Rico","Porto Rico","Puerto Rico","بورتوريكو كمنولث","波多黎各自由联邦","Содружество Пуэрто-Рико","Americas","Other developing countries or areas","Caribbean"
"634","179","QA","QAT","Qatar","Qatar","Qatar","دولة قطر","卡塔尔","Государство Катар","the State of Qatar","l'État du Qatar","el Estado de Qatar","دولة قطر","卡塔尔","Государство Катар","Asia","Other developing countries or areas","Western Asia"
"638","182","RE","REU","Réunion","Réunion","Reunión","رييونيون","留尼汪","Реюньон","Réunion","Réunion","Reunión","رييونيون","留尼汪","Реюньон","Africa","Other developing countries or areas","Eastern Africa"
"642","183","RO","ROU","Romania","Roumanie","Rumania","رومانيا","罗马尼亚","Румыния","Romania","la Roumanie","Rumania","رومانيا","罗马尼亚","Румыния","Europe","Developed countries or areas","Eastern Europe"
"643","185","RU","RUS","Russian Federation","Fédération de Russie","Federación de Rusia","الاتحاد الروسي","俄罗斯联邦","Российская Федерация","the Russian Federation","la Fédération de Russie","la Federación de Rusia","الاتحاد الروسي","俄罗斯联邦","Российская Федерация","Europe","Developed countries or areas","Eastern Europe"
"646","184","RW","RWA","Rwanda","Rwanda","Rwanda","رواندا","卢旺达","Руанда","the Republic of Rwanda","la République du Rwanda","la República de Rwanda","رواندا","卢旺达","Руанда","Africa","Least Developed Countries","Eastern Africa"
"652","287","BL","BLM","Saint Barthélemy","Saint-Barthélemy","San Bartolomé","بارتليمي سان","圣巴泰勒米","Сен-Бартельми","Saint Barthélemy","Saint-Barthélemy","San Bartolomé","بارتليمي سان","圣巴泰勒米","Сен-Бартельми","Americas","Other developing countries or areas","Caribbean"
"654","187","SH","SHN","Saint Helena","Sainte-Hélène","Santa Elena","كونا دا وتريستان وأسنسيون هيلانة سانت","圣赫勒拿、阿森松和特里斯坦达库尼亚","острова Святой Елены, Вознесения и Тристан-да-Кунья","Saint Helena, Ascension and Tristan da Cunha","Sainte-Hélène, Ascension et Tristan da Cunha","Santa Elena, Ascension y Tristan da Cunha","كونا دا وتريستان وأسنسيون هيلانة سانت","圣赫勒拿、阿森松和特里斯坦达库尼亚","острова Святой Елены, Вознесения и Тристан-да-Кунья","Africa","Other developing countries or areas","Western Africa"
"659","188","KN","KNA","Saint Kitts and Nevis","Saint-Kitts-et-Nevis","Saint Kitts y Nevis","سانت كيتس ونيفيس","圣基茨和尼维斯","Сент-Китс и Невис","Saint Kitts and Nevis","Saint-Kitts-et-Nevis","Saint Kitts y Nevis","سانت كيتس ونيفيس","圣基茨和尼维斯","Сент-Китс и Невис","Americas","Other developing countries or areas","Caribbean"
"660","258","AI","AIA","Anguilla","Anguilla","Anguila","من أنغويلا","安圭拉的/安圭拉人","ангильский","Anguilla","Anguilla","Anguila","من أنغويلا","安圭拉的/安圭拉人","ангильский","Americas","Other developing countries or areas","Caribbean"
"662","189","LC","LCA","Saint Lucia","Sainte-Lucie","Santa Lucía","سانت لوسيا","圣卢西亚","Сент-Люсия","Saint Lucia","Sainte-Lucie","Santa Lucía","سانت لوسيا","圣卢西亚","Сент-Люсия","Americas","Other developing countries or areas","Caribbean"
"663","288","MF","MAF","Saint-Martin","Saint-Martin","Saint-Martin","الفرنسي الجزء - مارتن سان","圣马丁（法属部分）","Сен-Мартен (французская часть)","Saint-Martin (French Part)","Saint-Martin (Partie française)","Saint-Martin (Parte francesa)","الفرنسي الجزء - مارتن سان","圣马丁（法属部分）","Сен-Мартен (французская часть)","Americas","Other developing countries or areas","Caribbean"
"666","190","PM","SPM","St. Pierre and Miquelon","Saint-Pierre-et-Miquelon","San Pedro y Miquelón","ميكلون إي بيير سان","圣皮埃尔和密克隆","Сен-Пьер и Микелон","Saint Pierre and Miquelon","Saint-Pierre-et-Miquelon","Saint-Pierre y Miquelon","ميكلون إي بيير سان","圣皮埃尔和密克隆","Сен-Пьер и Микелон","Americas","Developed countries or areas","Northern America"
"670","191","VC","VCT","Saint Vincent/Grenadines","Saint-Vincent/Grenadines","San Vicente/Grenadinas","سانت فنسنت وجزر غرينادين","圣文森特和格林纳丁斯","Сент-Винсент и Гренадины","Saint Vincent and the Grenadines","Saint-Vincent-et-les Grenadines","San Vicente y las Granadinas","سانت فنسنت وجزر غرينادين","圣文森特和格林纳丁斯","Сент-Винсент и Гренадины","Americas","Other developing countries or areas","Caribbean"
"674","192","SM","SMR","San Marino","Saint-Marin","San Marino","جمهورية سان مارينو","圣马力诺","Республика Сан-Марино","the Republic of San Marino","la République de Saint-Marin","la República de San Marino","جمهورية سان مارينو","圣马力诺","Республика Сан-Марино","Europe","Developed countries or areas","Southern Europe"
"678","193","ST","STP","Sao Tome and Principe","Sao Tomé-et-Principe","Santo Tomé y Príncipe","سان تومي وبرنسيبي","圣多美和普林西比","Сан-Томе и Принсипи","the Democratic Republic of Sao Tome and Principe","la République démocratique de Sao Tomé-et-Principe","la República Democrática de Santo Tomé y Príncipe","سان تومي وبرنسيبي","圣多美和普林西比","Сан-Томе и Принсипи","Africa","Least Developed Countries","Middle Africa"
"680","294","","","Sark","Sercq","Sark","سارك","萨克","Сарк","","","","","","","Europe","Developed countries or areas","Northern Europe"
"682","194","SA","SAU","Saudi Arabia","Arabie saoudite","Arabia Saudita","المملكة العربية السعودية","沙特阿拉伯","Королевство Саудовская Аравия","the Kingdom of Saudi Arabia","le Royaume d'Arabie saoudite","el Reino de Arabia Saudita","المملكة العربية السعودية","沙特阿拉伯","Королевство Саудовская Аравия","Asia","Other developing countries or areas","Western Asia"
"686","195","SN","SEN","Senegal","Sénégal","Senegal","السنغال","塞内加尔共和国","Сенегал","the Republic of Senegal","la République du Sénégal","la República del Senegal","السنغال","塞内加尔共和国","Сенегал","Africa","Least Developed Countries","Western Africa"
"688","272","RS","SRB","Serbia","Serbie","Serbia","صربيا","塞尔维亚","Сербия","the Republic of Serbia","la République de Serbie","la República de Serbia","صربيا جمهورية","塞尔维亚共和国","Республика Сербия","Europe","Developed countries or areas","Southern Europe"
"690","196","SC","SYC","Seychelles","Seychelles","Seychelles","سيشيل","塞舌尔共和国","Сейшельские Острова","the Republic of Seychelles","la République des Seychelles","la República de Seychelles","سيشيل","塞舌尔共和国","Сейшельские Острова","Africa","Other developing countries or areas","Eastern Africa"
"694","197","SL","SLE","Sierra Leone","Sierra Leone","Sierra Leona","سيراليون","塞拉利昂","Сьерра-Леоне","the Republic of Sierra Leone","la République de Sierra Leone","la República de Sierra Leona","سيراليون","塞拉利昂","Сьерра-Леоне","Africa","Least Developed Countries","Western Africa"
"702","200","SG","SGP","Singapore","Singapour","Singapur","سنغافورة","新加坡","Сингапур","the Republic of Singapore","la République de Singapour","la República de Singapur","سنغافورة جمهورية","新加坡共和国","Республика Сингапур","Asia","Other developing countries or areas","South-Eastern Asia"
"703","199","SK","SVK","Slovakia","Slovaquie","Eslovaquia","سلوفاكيا","斯洛伐克","Словакия","the Slovak Republic","la République slovaque","la República Eslovaca","سلوفاكيا","斯洛伐克","Словакия","Europe","Developed countries or areas","Eastern Europe"
"704","237","VN","VNM","Viet Nam","Viet Nam","Viet Nam","فييت نام","越南社会主义共和国","Вьетнам","the Socialist Republic of Viet Nam","la République socialiste du Viet Nam","la República Socialista de Viet Nam","فييت نام","越南社会主义共和国","Вьетнам","Asia","Other developing countries or areas","South-Eastern Asia"
"705","198","SI","SVN","Slovenia","Slovénie","Eslovenia","سلوفينيا","斯洛文尼亚","Словения","the Republic of Slovenia","la République de Slovénie","la República de Eslovenia","سلوفينيا","斯洛文尼亚","Словения","Europe","Developed countries or areas","Southern Europe"
"706","201","SO","SOM","Somalia","Somalie","Somalia","الصومال","索马里","Сомали","the Federal Republic of Somalia","la République fédérale de Somalie","la República Federal de Somalia","الإتحادية الصومال جمهورية","索马里联邦共和国","Федеративная Республика Сомали","Africa","Least Developed Countries","Eastern Africa"
"710","202","ZA","ZAF","South Africa","Afrique du Sud","Sudáfrica","جمهورية جنوب أفريقيا","南 非","Южная Африка","the Republic of South Africa","la République sud-africaine","la República de Sudáfrica","جمهورية جنوب أفريقيا","南 非","Южная Африка","Africa","Other developing countries or areas","Southern Africa"
"716","181","ZW","ZWE","Zimbabwe","Zimbabwe","Zimbabwe","جمهورية زمبابوي","津巴布韦","Республика Зимбабве","the Republic of Zimbabwe","la République du Zimbabwe","la República de Zimbabwe","جمهورية زمبابوي","津巴布韦","Республика Зимбабве","Africa","Other developing countries or areas","Eastern Africa"
"720","247","","","Yemen, Democratic","Yemen Democratique","Yemen Democratico","","","","","","","","","","Asia","Least Developed Countries","Western Asia"
"724","203","ES","ESP","Spain","Espagne","España","مملكة إسبانيا","西班牙","Королевство Испания","the Kingdom of Spain","le Royaume d'Espagne","el Reino de España","مملكة إسبانيا","西班牙","Королевство Испания","Europe","Developed countries or areas","Southern Europe"
"728","290","SS","SSD","South Sudan","Soudan du Sud","Sudán del Sur","السودان جنوب","南苏丹","Южный Судан","the Republic of South Sudan","la République du Soudan du Sud","la República de Sudán del Sur","السودان جنوب جمهورية","南苏丹共和国","Республика Южный Судан","Africa","Least Developed Countries","Eastern Africa"
"729","298","SD","SDN","Sudan","Soudan","Sudán","السودان","苏丹","Судан","the Republic of the Sudan","la République du Soudan","la República del Sudán","السودان جمهورية","苏丹共和国","Республика Судан","Africa","Least Developed Countries","Northern Africa"
"732","205","EH","ESH","Western Sahara","Sahara occidental","Sahara Occidental","الغربية الصحراء","西撒哈拉","Западная Сахара","Western Sahara","Sahara occidental","Sáhara occidental","الغربية الصحراء","西撒哈拉","Западная Сахара","Africa","Other developing countries or areas","Northern Africa"
"736","206","","","Sudan (former)","Soudan (ex)","Sudán (ex)","السودان","苏丹","Судан","the Republic of the Sudan","la République du Soudan","la República del Sudán","السودان جمهورية","苏丹共和国","Республика Судан","Africa","Least Developed Countries","Northern Africa"
"740","207","SR","SUR","Suriname","Suriname","Suriname","سورينام","苏里南","Суринам","the Republic of Suriname","la République du Suriname","la República de Suriname","سورينام","苏里南","Суринам","Americas","Other developing countries or areas","South America"
"744","260","SJ","SJM","Svalbard and Jan Mayen","Îles Svalbard/Jan Mayen","Islas Svalbard/Jan Mayen","","","","Svalbard and Jan Mayen Islands","Îles Svalbard et Jan Mayen","Islas Svalbard y Jan Mayen","","","","Europe","Developed countries or areas","Northern Europe"
"748","209","SZ","SWZ","Swaziland","Swaziland","Swazilandia","سوازيلند","斯威士兰王国","Свазиленд","the Kingdom of Swaziland","le Royaume du Swaziland","el Reino de Swazilandia","سوازيلند","斯威士兰王国","Свазиленд","Africa","Other developing countries or areas","Southern Africa"
"752","210","SE","SWE","Sweden","Suède","Suecia","السويد","瑞 典","Королевство Швеция","the Kingdom of Sweden","le Royaume de Suède","el Reino de Suecia","السويد","瑞 典","Королевство Швеция","Europe","Developed countries or areas","Northern Europe"
"756","211","CH","CHE","Switzerland","Suisse","Suiza","الاتحاد السويسري","瑞 士","Швейцария","the Swiss Confederation","la Confédération suisse","la Confederación Suiza","الاتحاد السويسري","瑞 士","Швейцария","Europe","Developed countries or areas","Western Europe"
"760","212","SY","SYR","Syrian Arab Republic","Rép. arabe syrienne","República Árabe Siria","الجمهورية العربية السورية","阿拉伯叙利亚共和国","Сирийская Арабская Республика","the Syrian Arab Republic","la République arabe syrienne","la República Árabe Siria","الجمهورية العربية السورية","阿拉伯叙利亚共和国","Сирийская Арабская Республика","Asia","Other developing countries or areas","Western Asia"
"762","208","TJ","TJK","Tajikistan","Tadjikistan","Tayikistán","جمهورية طاجيكستان","塔吉克斯坦","Республика Таджикистан","the Republic of Tajikistan","la République du Tadjikistan","la República de Tayikistán","جمهورية طاجيكستان","塔吉克斯坦","Республика Таджикистан","Asia","Other developing countries or areas","Central Asia "
"764","216","TH","THA","Thailand","Thaïlande","Tailandia","مملكة تايلند","泰 国","Королевство Таиланд","the Kingdom of Thailand","le Royaume de Thaïlande","el Reino de Tailandia","مملكة تايلند","泰 国","Королевство Таиланд","Asia","Other developing countries or areas","South-Eastern Asia"
"768","217","TG","TGO","Togo","Togo","Togo","توغو","多哥共和国","Того","the Togolese Republic","la République togolaise","la República Togolesa","توغو","多哥共和国","Того","Africa","Least Developed Countries","Western Africa"
"772","218","TK","TKL","Tokelau","Tokélaou","Tokelau","توكيلاو","托克劳","Токелау","Tokelau","les Tokélaou","Tokelau","توكيلاو","托克劳","Токелау","Oceania","Other developing countries or areas","Polynesia"
"776","219","TO","TON","Tonga","Tonga","Tonga","تونغا","汤 加","Тонга","the Kingdom of Tonga","le Royaume des Tonga","el Reino de Tonga","تونغا","汤 加","Тонга","Oceania","Other developing countries or areas","Polynesia"
"780","220","TT","TTO","Trinidad and Tobago","Trinité-et-Tobago","Trinidad y Tabago","ترينيداد وتوباغو","特立尼达和多巴哥共和国","Тринидад и Тобаго","the Republic of Trinidad and Tobago","la République de Trinité-et-Tobago","la República de Trinidad y Tabago","ترينيداد وتوباغو","特立尼达和多巴哥共和国","Тринидад и Тобаго","Americas","Other developing countries or areas","Caribbean"
"784","225","AE","ARE","United Arab Emirates","Émirats arabes unis","Emiratos Árabes Unidos","الإمارات العربية المتحدة","阿拉伯联合酋长国","Объединенные Арабские Эмираты","the United Arab Emirates","les Émirats arabes unis","los Emiratos Árabes Unidos","الإمارات العربية المتحدة","阿拉伯联合酋长国","Объединенные Арабские Эмираты","Asia","Other developing countries or areas","Western Asia"
"788","222","TN","TUN","Tunisia","Tunisie","Túnez","تونس","突尼斯","Тунисская Республика","the Republic of Tunisia","la République tunisienne","la República de Túnez","تونس","突尼斯","Тунисская Республика","Africa","Other developing countries or areas","Northern Africa"
"792","223","TR","TUR","Turkey","Turquie","Turquía","الجمهورية التركية","土耳其","Турция","the Republic of Turkey","la République turque","la República de Turquía","الجمهورية التركية","土耳其","Турция","Asia","Other developing countries or areas","Western Asia"
"795","213","TM","TKM","Turkmenistan","Turkménistan","Turkmenistán","تركمانستان","土库曼斯坦","Туркменистан","Turkmenistan","le Turkménistan","Turkmenistán","تركمانستان","土库曼斯坦","Туркменистан","Asia","Other developing countries or areas","Central Asia "
"796","224","TC","TCA","Turks and Caicos Is.","Îles Turques et Caïques","Islas Turcas y Caicos","وكايكوس تركس جزر","特克斯和凯科斯群岛","острова Тёркс и Кайкос","Turks and Caicos Islands","Îles Turques et Caïques","Islas Turcas y Caicos","وكايكوس تركس جزر","特克斯和凯科斯群岛","острова Тёркс и Кайкос","Americas","Other developing countries or areas","Caribbean"
"798","227","TV","TUV","Tuvalu","Tuvalu","Tuvalu","توفالو","图瓦卢","Тувалу","Tuvalu","Tuvalu","Tuvalu","توفالو","图瓦卢","Тувалу","Oceania","Least Developed Countries","Polynesia"
"800","226","UG","UGA","Uganda","Ouganda","Uganda","جمهورية أوغندا","乌干达","Уганда","the Republic of Uganda","la République de l'Ouganda","la República de Uganda","جمهورية أوغندا","乌干达","Уганда","Africa","Least Developed Countries","Eastern Africa"
"804","230","UA","UKR","Ukraine","Ukraine","Ucrania","أوكرانيا","乌克兰","Украина","Ukraine","l'Ukraine","Ucrania","أوكرانيا","乌克兰","Украина","Europe","Developed countries or areas","Eastern Europe"
"807","154","MK","MKD","Macedonia, Fmr Yug Rp of","Ex-Rép.youg.de Macédoine","Ex Rep.Yug. de Macedonia","جمهورية مقدونيا اليوغوسلافية السابقة","前南斯拉夫的马其顿共和国","Бывшая югославская Республика Македония","The former Yugoslav Republic of Macedonia","l'ex-République yougoslave de Macédoine","la ex República Yugoslava de Macedonia","جمهورية مقدونيا اليوغوسلافية السابقة","前南斯拉夫的马其顿共和国","Бывшая югославская Республика Македония","Europe","Developed countries or areas","Southern Europe"
"810","228","SU","SUN","Un. Sov. Soc. Rep.","Union des Rép.soc.sov.","Unión de Rep.Soc.Sov.","","","","Union of Soviet Socialist Republics","Union des Républiques socialistes soviétiques ","Unión de Rep.Soc.Sov.","","","","","Developed countries or areas",""
"818","59","EG","EGY","Egypt","Égypte","Egipto","مصر","埃 及","Египет","the Arab Republic of Egypt","la République arabe d'Égypte","la República Árabe de Egipto","مصر","埃 及","Египет","Africa","Other developing countries or areas","Northern Africa"
"826","229","GB","GBR","United Kingdom","Royaume-Uni","Reino Unido","المملكة المتحدة","大不列颠及北爱尔兰联合王国","Соединенное Королевство (Великобритании и Северной Ирландии)","the United Kingdom of Great Britain and Northern Ireland","le Royaume-Uni de Grande-Bretagne et d'Irlande du Nord","el Reino Unido de Gran Bretaña e Irlanda del Norte","المملكة المتحدة","大不列颠及北爱尔兰联合王国","Соединенное Королевство (Великобритании и Северной Ирландии)","Europe","Developed countries or areas","Northern Europe"
"830","259","","","Channel Islands","Îles Anglo-Normandes","Islas Anglonormandas","شانيل جزر","海峡群岛","Нормандские острова","Channel Islands","Iles Anglo-Normandes","Islas Normandas","شانيل جزر","海峡群岛","Нормандские острова","Europe","Developed countries or areas","Northern Europe"
"831","284","GG","GGY","Guernsey","Guernesey","Isla de Guernesey","لغويرنسي التابعة بيلويك","格恩西岛(海峡群岛)","Гернси","Bailiwick of Guernsey","Guernesey","Isla de Guernesey","لغويرنسي التابعة بيلويك","格恩西岛(海峡群岛)","Гернси","Europe","Developed countries or areas","Northern Europe"
"832","285","JE","JEY","Jersey","Le Jersey","Jersey","جيرسي","泽西","остров Джерси","Bailiwick of Jersey","Jersey","Jersey","جيرسي","泽西行政区","остров Джерси","Europe","Developed countries or areas","Northern Europe"
"833","264","IM","IMN","Isle of Man","Île de Man","Isla de Man","مان جزيرة","马恩岛","остров Мэн","Isle of Man","Île de Man","Isla de Man","مان جزيرة","马恩岛","остров Мэн","Europe","Developed countries or areas","Northern Europe"
"834","215","TZ","TZA","Tanzania, United Rep. of","Rép.-Unie de Tanzanie","Rep. Unida de Tanzanía","جمهورية تنزانيا المتحدة","坦桑尼亚联合共和国","Объединенная Республика Танзания","the United Republic of Tanzania","la République-Unie de Tanzanie","la República Unida de Tanzanía","جمهورية تنزانيا المتحدة","坦桑尼亚联合共和国","Объединенная Республика Танзания","Africa","Least Developed Countries","Eastern Africa"
"835","276","","EAZ","Zanzibar","Zanzibar","Zanzíbar","","","","Zanzibar","Zanzibar","Zanzibar","","","","Africa","Least Developed Countries","Eastern Africa"
"840","231","US","USA","United States of America","États-Unis d'Amérique","EstadosUnidos de América","الولايات المتحدة الأمريكية","美利坚合众国","Соединенные Штаты Америки","the United States of America","les États-Unis d'Amérique","los Estados Unidos de América","الولايات المتحدة الأمريكية","美利坚合众国","Соединенные Штаты Америки","Americas","Developed countries or areas","Northern America"
"850","240","VI","VIR","US Virgin Islands","Îles Vierges américaines","Islas Vírgenes (EE.UU.)","المتحدة للولايات التابعة فيرجين جزر","美属维尔京群岛","Виргинские острова США","the United States Virgin Islands","les Îles Vierges américaines","las Islas Vírgenes (EE.UU.)","المتحدة للولايات التابعة فيرجين جزر","美属维尔京群岛","Виргинские острова Соединенных Штатов","Americas","Other developing countries or areas","Caribbean"
"854","233","BF","BFA","Burkina Faso","Burkina Faso","Burkina Faso","بوركينا فاسو","布基纳法索","Буркина-Фасо","Burkina Faso","le Burkina Faso","Burkina Faso","بوركينا فاسو","布基纳法索","Буркина-Фасо","Africa","Least Developed Countries","Western Africa"
"858","234","UY","URY","Uruguay","Uruguay","Uruguay","أوروغواي","乌拉圭东岸共和国","Уругвай","the Eastern Republic of Uruguay","la République orientale de l'Uruguay","la República Oriental del Uruguay","أوروغواي","乌拉圭东岸共和国","Уругвай","Americas","Other developing countries or areas","South America"
"860","235","UZ","UZB","Uzbekistan","Ouzbékistan","Uzbekistán","جمهورية أوزبكستان","乌兹别克斯坦","Узбекистан","the Republic of Uzbekistan","la République d'Ouzbékistan","la República de Uzbekistán","جمهورية أوزبكستان","乌兹别克斯坦","Узбекистан","Asia","Other developing countries or areas","Central Asia "
"862","236","VE","VEN","Venezuela, Boliv Rep of","Venezuela, Rép boliv du","Venezuela, Rep Boliv de ","جمهورية فنزويلا البوليفارية","委内瑞拉 (玻利瓦尔共和国)","Венесуэла (Боливарианская Республика)","the Bolivarian Republic of Venezuela","la République bolivarienne du Venezuela","la República Bolivariana de Venezuela","جمهورية فنزويلا البوليفارية","委内瑞拉 (玻利瓦尔共和国)","Венесуэла (Боливарианская Республика)","Americas","Other developing countries or areas","South America"
"872","242","WK","WAK","Wake Island","Wake, Île de","Wake, Isla","","","","Wake Island","Îles Wake","Isla Wake","","","","","",""
"876","243","WF","WLF","Wallis and Futuna Is.","Îles Wallis et Futuna","Islas Wallis y Futuna","وفوتونا واليس جزر","瓦利斯和富图纳群岛","острова Уоллис и Футуна","Wallis and Futuna Islands","les Îles Wallis et Futuna","Islas Wallis y Futuna","وفوتونا واليس جزر","瓦利斯和富图纳群岛","острова Уоллис и Футуна","Oceania","Other developing countries or areas","Polynesia"
"882","244","WS","WSM","Samoa","Samoa","Samoa","دولة ساموا المستقلة","萨摩亚","Независимое Государство Самоа","the Independent State of Samoa","l'État indépendant du Samoa","el Estado Independiente de Samoa","دولة ساموا المستقلة","萨摩亚","Независимое Государство Самоа","Oceania","Other developing countries or areas","Polynesia"
"886","246","","","Yemen Arab Republic","Yemen, Rep. Arabe","Yemen, Republica Araba","","","","","","","","","","Asia","Least Developed Countries","Western Asia"
"887","249","YE","YEM","Yemen","Yémen","Yemen","اليمن","也 门","Йеменская Республика","the Republic of Yemen","la République du Yémen","la República del Yemen","اليمن","也 门","Йеменская Республика","Asia","Least Developed Countries","Western Asia"
"890","248","YU","YUG","Yugoslavia SFR","RFS de Yougoslavie","RFS de Yugoslavia","جمهورية صربيا","塞尔维亚","Сербия","Socialist Federal Republic of Yugoslavia ","République socialiste fédérative de Yougoslavie","RFS de Yugoslavia","جمهورية صربيا","塞尔维亚","Сербия","Europe","Developed countries or areas","Southern Europe"
"891","186","CS","SCG","Serbia and Montenegro","Serbie-et-Monténégro","Serbia y Montenegro","","","","Serbia and Montenegro","Serbie-et-Monténégro","Serbia y Montenegro","","","","Europe","Developed countries or areas","Southern Europe"
"894","251","ZM","ZMB","Zambia","Zambie","Zambia","جمهورية زامبيا","赞比亚","Замбия","the Republic of Zambia","la République de Zambie","la República de Zambia","جمهورية زامبيا","赞比亚","Замбия","Africa","Least Developed Countries","Eastern Africa"
"896","252","","","Other nei","Autres nca","Otros nep","","","","Others","Autres","Otros","","","","","",""
